Employee ID,Full Name,Job Title,Gender,Ethnicity,Age,Hire Date,Annual Salary,Bonus %,Exit Date
E02002,Kai Le,Controls Engineer,Male,Asian,47,2/5/2022,"$92,368 ",0%,
E02003,Robert Patel,Analyst,Male,Asian,58,10/23/2013,"$45,703 ",0%,
E02004,Cameron Lo,Network Administrator,Male,Asian,34,3/24/2019,"$83,576 ",0%,
E02005,Harper Castillo,IT Systems Architect,Female,Latino,39,4/7/2018,"$98,062 ",0%,
E02006,Harper Dominguez,Director,Female,Latino,42,6/18/2005,"$175,391 ",24%,
E02007,Ezra Vu,Network Administrator,Male,Asian,62,4/22/2004,"$66,227 ",0%,2/14/2014
E02008,Jade Hu,Sr. Analyst,Female,Asian,58,6/27/2009,"$89,744 ",0%,
E02009,Miles Chang,Analyst II,Male,Asian,62,2/19/1999,"$69,674 ",0%,
E02010,Gianna Holmes,System Administrator ,Female,Caucasian,38,9/9/2011,"$97,630 ",0%,
E02011,Jameson Thomas,Manager,Male,Caucasian,52,2/5/2015,"$105,879 ",10%,
E02012,Jameson Pena,Systems Analyst,Male,Latino,49,10/12/2003,"$40,499 ",0%,
E02013,Bella Wu,Sr. Analyst,Female,Asian,63,8/3/2014,"$71,418 ",0%,
E02014,Jose Wong,Director,Male,Asian,45,11/15/2017,"$150,558 ",23%,
E02015,Lucas Richardson,Manager,Male,Caucasian,36,7/22/2018,"$118,912 ",8%,
E02016,Jacob Moore,Sr. Manager,Male,Black,42,3/24/2021,"$131,422 ",15%,
E02017,Luna Lu,IT Systems Architect,Female,Asian,62,7/26/1997,"$64,208 ",0%,
E02018,Bella Tran,Vice President,Female,Asian,45,8/5/2010,"$254,486 ",33%,
E02019,Ivy Chau,Analyst,Female,Asian,61,3/3/2019,"$54,811 ",0%,
E02020,Jordan Kumar,Service Desk Analyst,Male,Asian,29,11/11/2017,"$95,729 ",0%,
E02021,Sophia Gutierrez,Manager,Female,Latino,63,2/8/2009,"$102,649 ",6%,
E02022,Eli Dang,Sr. Manager,Male,Asian,45,11/16/2015,"$122,875 ",12%,
E02023,Lillian Lewis,Technical Architect,Female,Black,43,8/14/2013,"$83,323 ",0%,3/31/2019
E02024,Serenity Cao,Account Representative,Female,Asian,31,10/21/2018,"$66,721 ",0%,
E02025,Parker Lai,Vice President,Male,Asian,48,11/29/2006,"$246,400 ",36%,
E02026,Charles Simmons,Manager,Male,Caucasian,55,10/27/1997,"$113,525 ",6%,
E02027,Jayden Luu,Director,Male,Asian,64,5/13/2004,"$184,342 ",22%,
E02028,Brooks Richardson,Director,Male,Caucasian,58,11/24/2020,"$151,341 ",22%,
E02029,Ivy Thompson,Manager,Female,Caucasian,50,8/11/2004,"$118,900 ",5%,
E02030,Peyton Wright,Sr. Manager,Female,Black,41,5/13/2017,"$153,370 ",10%,
E02031,Wyatt Dinh,System Administrator ,Male,Asian,50,3/15/2002,"$72,860 ",0%,
E02032,Ruby Alexander,Vice President,Female,Caucasian,59,8/13/2001,"$255,610 ",36%,
E02033,Axel Oh,Sr. Analyst,Male,Asian,26,10/24/2020,"$84,962 ",0%,
E02034,Axel Ramirez,Manager,Male,Latino,55,12/4/2017,"$103,795 ",7%,
E02035,Liliana Chang,Service Desk Analyst,Female,Asian,32,1/11/2018,"$97,509 ",0%,
E02036,Leonardo Carter,Business Partner,Male,Caucasian,50,9/7/2022,"$54,931 ",0%,
E02037,Landon Gonzales,Test Engineer,Male,Latino,54,8/30/2009,"$88,689 ",0%,
E02038,Amelia Dominguez,Sr. Manager,Female,Latino,31,9/23/2015,"$158,184 ",15%,7/27/2018
E02039,Silas Ross,Analyst,Male,Caucasian,47,2/10/2016,"$48,523 ",0%,
E02040,Jeremiah Cheng,Sr. Analyst,Male,Asian,26,2/5/2022,"$70,946 ",0%,
E02041,Chloe Chin,Sr. Manager,Female,Asian,62,11/13/2021,"$134,487 ",10%,
E02042,Ella Martinez,Sr. Analyst,Female,Latino,35,4/6/2012,"$76,111 ",0%,
E02043,Gianna Jones,Manager,Female,Caucasian,48,9/26/1998,"$119,220 ",9%,11/2/2016
E02044,Austin Chow,Vice President,Male,Asian,35,4/11/2021,"$180,858 ",32%,
E02045,Ella Chen,Manager,Female,Asian,45,11/10/2005,"$114,072 ",8%,
E02046,Ruby Kaur,Test Engineer,Female,Asian,26,6/26/2021,"$91,672 ",0%,
E02047,Savannah Morales,Analyst II,Female,Latino,48,1/26/2005,"$71,542 ",0%,
E02048,Luca Powell,IT Coordinator,Male,Caucasian,33,12/18/2016,"$54,700 ",0%,
E02049,Parker Thao,Analyst II,Male,Asian,55,5/8/2011,"$65,022 ",0%,
E02050,Ryan Vo,Cloud Infrastructure Architect,Male,Asian,38,4/12/2011,"$65,109 ",0%,
E02051,Isabella Ngo,Manager,Female,Asian,49,1/1/2022,"$126,598 ",9%,
E02052,Leah Vega,Cloud Infrastructure Architect,Female,Latino,52,6/7/2018,"$72,388 ",0%,
E02053,Jaxson Liu,Vice President,Male,Asian,27,5/18/2021,"$205,216 ",36%,
E02054,Santiago f Ross,Enterprise Architect,Male,Caucasian,34,12/13/2012,"$74,004 ",0%,
E02055,Layla Bell,Vice President,Female,Caucasian,65,7/26/2001,"$203,030 ",31%,
E02056,Bella Morales,Director,Female,Latino,38,5/10/2016,"$194,864 ",24%,
E02057,Eliza Kang,Computer Systems Manager,Female,Asian,63,1/27/2002,"$76,659 ",5%,
E02058,Gabriel Reyes,Manager,Male,Latino,42,6/10/2005,"$101,630 ",8%,
E02059,Piper Garcia,Sr. Manager,Female,Latino,60,11/24/1993,"$126,929 ",12%,
E02060,Jacob Cheng,Director,Male,Asian,47,11/26/1999,"$155,890 ",17%,11/27/2003
E02061,Nathan Hong,Director,Male,Asian,50,10/2/2019,"$150,631 ",17%,
E02062,Chloe Kim,Sr. Analyst,Female,Asian,39,7/6/2012,"$72,850 ",0%,
E02063,Isaac Guzman,Account Representative,Male,Latino,46,8/18/2010,"$57,951 ",0%,
E02064,Julian Ford,Analyst II,Male,Caucasian,50,7/29/2010,"$70,340 ",0%,
E02065,Kinsley Liang,Automation Engineer,Female,Asian,55,8/25/2008,"$98,221 ",0%,
E02066,Wesley Yu,Sr. Manager,Male,Asian,43,9/24/2003,"$127,175 ",12%,
E02067,Serenity Martin,Sr. Analyst,Female,Black,26,5/16/2021,"$97,542 ",0%,
E02068,Ethan Sanchez,Sr. Analyst,Male,Latino,34,5/15/2019,"$81,646 ",0%,
E02069,David Sanchez,Director,Male,Latino,38,7/5/2009,"$182,055 ",27%,
E02070,Elias Hsu,Sr. Analyst,Male,Asian,35,1/23/2022,"$86,777 ",0%,
E02071,Luca Phan,Manager,Male,Asian,39,6/17/2015,"$129,949 ",9%,
E02072,Olivia Xi,Manager,Female,Asian,26,8/19/2020,"$124,535 ",6%,
E02073,Alice Luu,System Administrator ,Female,Asian,60,7/17/1993,"$81,083 ",0%,
E02074,Leonardo Ng,Analyst,Male,Asian,32,6/10/2019,"$57,727 ",0%,
E02075,Peyton Edwards,Analyst II,Female,Caucasian,65,7/11/2020,"$59,344 ",0%,
E02076,Axel Patel,Sr. Analyst,Male,Asian,27,9/13/2022,"$73,203 ",0%,
E02077,Eva Chavez,IT Systems Architect,Female,Latino,63,1/17/2004,"$83,070 ",0%,
E02078,Savannah Lee,Manager,Female,Asian,51,7/22/2020,"$104,008 ",10%,
E02079,Mia Grant,Solutions Architect,Female,Caucasian,43,2/16/2007,"$70,923 ",0%,
E02080,Eli Richardson,Sr. Manager,Male,Black,31,4/8/2018,"$159,121 ",14%,
E02081,Eloise Perry,Sr. Business Partner,Female,Caucasian,26,12/2/2020,"$88,921 ",0%,
E02082,Ian Cheng,Sr. Manager,Male,Asian,46,8/30/2015,"$126,704 ",14%,
E02083,Penelope Chan,Analyst II,Female,Asian,59,5/20/2012,"$57,704 ",0%,11/21/2019
E02084,Sofia Vasquez,Director,Female,Latino,52,7/29/1996,"$191,455 ",24%,
E02085,Anthony Baker,Solutions Architect,Male,Caucasian,31,6/3/2021,"$99,937 ",0%,
E02086,Lucas Luong,Analyst,Male,Asian,42,3/12/2008,"$40,778 ",0%,
E02087,Xavier Patel,Director,Male,Asian,53,11/16/2021,"$187,740 ",16%,
E02088,Robert Soto,HRIS Analyst,Male,Latino,47,9/10/2008,"$72,384 ",0%,
E02089,Nevaeh Jiang,Sr. Manager,Female,Asian,45,8/5/2016,"$143,318 ",12%,
E02090,Chloe Reyes,Director,Female,Latino,45,6/18/2008,"$191,304 ",17%,
E02091,Lucy Edwards,Director,Female,Black,33,3/16/2015,"$175,875 ",21%,5/16/2022
E02092,Luna Edwards,Manager,Female,Black,42,4/13/2014,"$106,726 ",9%,
E02093,Stella Daniels,Cloud Infrastructure Architect,Female,Black,37,10/30/2011,"$72,637 ",0%,
E02094,Ayla Ma,Manager,Female,Asian,27,12/5/2022,"$118,304 ",7%,
E02095,Matthew Avila,Computer Systems Manager,Male,Latino,55,6/17/2003,"$68,592 ",8%,
E02096,Gianna Lim,Analyst,Female,Asian,46,4/1/2006,"$42,532 ",0%,
E02097,Joseph Tan,Technical Architect,Male,Asian,37,8/20/2015,"$65,073 ",0%,
E02098,Connor Lai,Engineering Manager,Male,Asian,32,9/22/2019,"$111,035 ",12%,
E02099,Ava Owens,Analyst II,Female,Caucasian,28,2/7/2020,"$63,066 ",0%,
E02100,Dylan Aguilar,Director,Male,Latino,49,3/27/2007,"$186,192 ",27%,
E02101,Leah Zheng,Director,Female,Asian,52,6/18/2016,"$182,938 ",23%,
E02102,Jade Pham,Analyst,Female,Asian,61,12/12/2017,"$53,931 ",0%,
E02103,Theodore Bui,Vice President,Male,Asian,53,5/13/2012,"$252,140 ",38%,
E02104,Asher Chan,Sr. Business Partner,Male,Asian,40,8/18/2018,"$73,041 ",0%,
E02105,Ezekiel Brown,Manager,Male,Caucasian,27,3/14/2022,"$120,315 ",8%,7/17/2022
E02106,Peyton Allen,Manager,Female,Caucasian,26,11/23/2020,"$112,264 ",5%,
E02107,Parker Joseph,Systems Analyst,Male,Caucasian,53,1/21/2000,"$55,039 ",0%,
E02108,Kayden Ortiz,Sr. Manager,Male,Latino,33,7/29/2013,"$134,782 ",15%,
E02109,Lillian Desai,Field Engineer,Female,Asian,27,12/12/2022,"$92,806 ",0%,
E02110,Avery Gutierrez,Vice President,Female,Latino,56,7/2/2016,"$181,028 ",38%,
E02111,Caroline Sandoval,Analyst,Female,Latino,36,10/3/2013,"$48,117 ",0%,
E02112,Hailey Lim,Director,Female,Asian,47,1/6/2005,"$192,753 ",17%,
E02113,Roman Liang,Sr. Analyst,Male,Asian,28,3/4/2021,"$85,206 ",0%,7/8/2022
E02114,Elias Rojas,Account Representative,Male,Latino,30,1/7/2018,"$58,290 ",0%,
E02115,Quinn Lai,Systems Analyst,Female,Asian,58,8/28/2003,"$41,946 ",0%,
E02116,Clara Le,Service Desk Analyst,Female,Asian,56,3/15/2021,"$79,388 ",0%,
E02117,Chloe Yoon,Network Administrator,Female,Asian,65,2/25/2002,"$83,854 ",0%,
E02118,Abigail Simmons,Sr. Manager,Female,Caucasian,29,4/24/2018,"$126,550 ",15%,
E02119,Ayla Espinoza,Director,Female,Latino,60,10/1/1993,"$199,705 ",26%,
E02120,Nova Lin,Vice President,Female,Asian,31,4/9/2019,"$201,235 ",32%,
E02121,Sadie Singh,Director,Female,Asian,45,3/16/2022,"$182,717 ",26%,
E02122,Aaron Powell,Enterprise Architect,Male,Black,30,9/11/2017,"$79,975 ",0%,
E02123,Jameson Vargas,Director,Male,Latino,36,7/24/2011,"$196,554 ",20%,
E02124,Logan Young,Vice President,Male,Black,39,8/16/2010,"$239,395 ",33%,
E02125,Wyatt Cheung,Analyst II,Male,Asian,44,7/25/2013,"$53,703 ",0%,
E02126,Lucas Zhu,Manager,Male,Asian,53,3/14/2011,"$123,480 ",8%,
E02127,Emily Hong,IT Coordinator,Female,Asian,46,1/9/2021,"$41,197 ",0%,
E02128,Luke Ramos,Account Representative,Male,Latino,30,7/28/2018,"$72,463 ",0%,
E02129,Maya Gupta,Field Engineer,Female,Asian,28,8/4/2019,"$87,675 ",0%,
E02130,Eliana Ha,Analyst,Female,Asian,35,12/15/2020,"$55,833 ",0%,
E02131,Lillian Cheng,Analyst II,Female,Asian,58,8/20/1996,"$58,208 ",0%,
E02132,Alexander Pena,Sr. Analyst,Male,Latino,47,5/24/2002,"$75,633 ",0%,
E02133,Leonardo Mai,Sr. Analyst,Male,Asian,43,1/28/2007,"$79,090 ",0%,
E02134,Jack Phillips,Analyst II,Male,Black,47,7/27/2015,"$66,138 ",0%,
E02135,Scarlett Delgado,Cloud Infrastructure Architect,Female,Latino,57,8/28/2013,"$80,728 ",0%,
E02136,Jack Rogers,Systems Analyst,Male,Black,47,2/1/2005,"$46,202 ",0%,
E02137,Violet Huynh,Manager,Female,Asian,50,2/29/2008,"$123,096 ",10%,
E02138,Victoria Park,Analyst,Female,Asian,27,3/18/2020,"$45,989 ",0%,
E02139,Elizabeth Rodriguez,Sr. Manager,Female,Latino,26,8/13/2021,"$140,756 ",13%,
E02140,Samuel Kumar,Network Engineer,Male,Asian,43,3/9/2009,"$85,261 ",0%,
E02141,Zoe Maldonado,Vice President,Female,Latino,49,9/25/1998,"$198,222 ",34%,
E02142,Natalia Richardson,Sr. Manager,Female,Caucasian,36,6/2/2017,"$150,825 ",10%,
E02143,Madeline Contreras,Analyst,Female,Latino,51,10/31/1995,"$59,311 ",0%,
E02144,Raelynn Espinoza,Analyst,Female,Latino,46,9/12/2002,"$44,411 ",0%,
E02145,Noah Rojas,Analyst II,Male,Latino,37,11/14/2019,"$69,408 ",0%,
E02146,Jack Ramos,Sr. Analyst,Male,Latino,43,6/17/2018,"$96,759 ",0%,
E02147,Riley King,Director,Female,Black,53,8/10/2013,"$163,480 ",15%,
E02148,Naomi Lee,System Administrator ,Female,Asian,58,4/15/2014,"$91,132 ",0%,
E02149,Caleb Jones,Manager,Male,Caucasian,57,7/10/1996,"$122,825 ",8%,
E02150,Peyton Alvarado,Service Desk Analyst,Female,Latino,31,10/24/2015,"$73,612 ",0%,
E02151,Luca Liu,Account Representative,Male,Asian,40,6/22/2007,"$70,561 ",0%,
E02152,Christian Johnson,Network Architect,Male,Black,47,5/25/2008,"$60,331 ",0%,
E02153,Kinsley Gonzales,Systems Analyst,Female,Latino,51,5/5/2007,"$48,772 ",0%,
E02154,Hunter Yoon,Network Administrator,Male,Asian,57,10/2/2020,"$90,599 ",0%,
E02155,Elias Dixon,IT Coordinator,Male,Caucasian,46,11/22/2021,"$55,643 ",0%,
E02156,Owen Guerrero,Field Engineer,Male,Latino,40,9/3/2022,"$97,938 ",0%,
E02157,Lucas Lo,Analyst,Male,Asian,43,1/18/2004,"$49,627 ",0%,
E02158,Hunter Mitchell,IT Coordinator,Male,Caucasian,54,4/17/2021,"$58,137 ",0%,
E02159,Eliana Bailey,Sr. Manager,Female,Black,27,1/2/2021,"$120,586 ",15%,
E02160,Gabriella Choi,Analyst II,Female,Asian,56,8/15/1999,"$72,925 ",0%,
E02161,Evelyn Alvarado,Network Administrator,Female,Latino,36,8/12/2022,"$83,548 ",0%,
E02162,Wyatt Chan,Manager,Male,Asian,53,6/28/2005,"$128,226 ",8%,
E02163,Sarah Johnson,Director,Female,Caucasian,31,3/6/2018,"$150,653 ",24%,9/1/2019
E02164,Brooks Evans,Sr. Account Representative,Male,Caucasian,45,5/4/2016,"$80,989 ",0%,
E02165,Isaiah Dixon,Development Engineer,Male,Caucasian,29,2/27/2022,"$74,901 ",0%,
E02166,Addison Lo,Cloud Infrastructure Architect,Female,Asian,27,8/28/2020,"$68,712 ",0%,
E02167,Nolan Howard,Quality Engineer,Male,Caucasian,26,4/18/2022,"$82,963 ",0%,6/23/2022
E02168,Paisley Dominguez,Engineering Manager,Female,Latino,53,6/14/2009,"$123,203 ",10%,
E02169,Eliana Ho,Director,Female,Asian,64,9/5/2012,"$195,416 ",22%,
E02170,Charles Miller,Director,Male,Black,32,6/7/2018,"$156,418 ",23%,
E02171,Mia Jiang,Vice President,Female,Asian,42,6/19/2015,"$255,892 ",38%,
E02172,Skylar Parker,Technical Architect,Female,Caucasian,31,8/5/2018,"$96,195 ",0%,
E02173,Zoey Leung,Network Administrator,Female,Asian,40,9/27/2007,"$77,637 ",0%,2/4/2017
E02174,Austin Moua,Test Engineer,Male,Asian,46,5/27/2003,"$79,294 ",0%,
E02175,Christopher Robinson,Vice President,Male,Caucasian,35,7/11/2016,"$254,287 ",31%,10/17/2022
E02176,Jayden Zhang,Enterprise Architect,Male,Asian,64,6/27/1994,"$70,516 ",0%,
E02177,Cora Mejia,Sr. Analyst,Female,Latino,58,6/7/2014,"$98,296 ",0%,
E02178,Julian Harris,Operations Engineer,Male,Caucasian,61,12/30/2015,"$98,565 ",0%,
E02179,Anthony Espinoza,Analyst II,Male,Latino,41,11/16/2020,"$59,149 ",0%,
E02180,Aubrey Ruiz,Analyst II,Female,Latino,25,1/11/2021,"$70,126 ",0%,
E02181,Piper Tang,Vice President,Female,Asian,50,7/28/2011,"$216,787 ",33%,
E02182,Colton Delgado,Sr. Manager,Male,Latino,61,10/22/2006,"$156,512 ",13%,
E02183,Madeline Chung,Analyst,Female,Asian,63,5/26/2011,"$44,444 ",0%,7/12/2015
E02184,Ariana Sharma,Vice President,Female,Asian,45,1/24/2014,"$257,725 ",34%,6/29/2022
E02185,Julian Marquez,Sr. Manager,Male,Latino,33,9/14/2013,"$122,408 ",11%,
E02186,Logan Reyes,Quality Engineer,Male,Latino,62,4/10/1995,"$78,251 ",0%,3/19/2020
E02187,Penelope Mai,Vice President,Female,Asian,43,5/2/2004,"$252,938 ",35%,
E02188,Ryan Reed,Sr. Analyst,Male,Black,48,10/28/2019,"$90,296 ",0%,
E02189,Grayson Hwang,Sr. Analyst,Male,Asian,42,4/23/2013,"$91,689 ",0%,
E02190,Ezra Tan,Sr. Manager,Male,Asian,49,12/22/1999,"$158,028 ",12%,
E02191,David Ha,Sr. Account Representative,Male,Asian,33,7/27/2022,"$89,759 ",0%,
E02192,Lillian Vang,Technical Architect,Female,Asian,39,9/13/2015,"$78,640 ",0%,
E02193,Sofia Zhang,Analyst,Female,Asian,51,1/11/2005,"$55,368 ",0%,
E02194,Athena Daniels,Network Administrator,Female,Caucasian,49,5/23/2021,"$78,164 ",0%,
E02195,Jameson Shin,Sr. Analyst,Male,Asian,30,5/14/2020,"$76,014 ",0%,
E02196,Everly Avila,Account Representative,Female,Latino,41,11/13/2015,"$61,403 ",0%,
E02197,Liam Nelson,Technical Architect,Male,Black,58,12/17/2010,"$80,720 ",0%,
E02198,Theodore Lai,System Administrator ,Male,Asian,55,12/27/2008,"$94,026 ",0%,
E02199,Caroline Do,Analyst,Female,Asian,40,3/6/2016,"$56,963 ",0%,
E02200,Josiah Ramos,Manager,Male,Latino,41,1/8/2014,"$113,246 ",6%,
E02201,Colton Alexander,Field Engineer,Male,Caucasian,45,8/9/2005,"$76,416 ",0%,
E02202,Charles Ramos,Sr. Analyst,Male,Latino,57,4/4/2010,"$74,597 ",0%,1/30/2016
E02203,Ellie Wilson,Director,Female,Caucasian,65,8/31/1996,"$164,102 ",30%,
E02204,Peyton Powell,System Administrator ,Female,Caucasian,44,2/16/2003,"$74,431 ",0%,
E02205,Hailey Rojas,Analyst,Female,Latino,52,7/15/2014,"$43,378 ",0%,
E02206,Kai Singh,Analyst,Male,Asian,52,4/19/2001,"$47,587 ",0%,
E02207,Ryan Rivera,Director,Male,Latino,53,11/29/2001,"$179,983 ",16%,
E02208,Everett Lu,Manager,Male,Asian,31,11/28/2021,"$115,565 ",6%,
E02209,Layla Nunez,Manager,Female,Latino,63,9/10/2017,"$126,064 ",5%,
E02210,Liliana Collins,Sr. Manager,Female,Black,39,1/18/2013,"$151,666 ",13%,6/30/2018
E02211,Ezekiel Jenkins,Service Desk Analyst,Male,Caucasian,63,4/11/2000,"$99,215 ",0%,
E02212,Christopher Wang,Cloud Infrastructure Architect,Male,Asian,27,8/23/2020,"$71,502 ",0%,
E02213,Savannah Rodriguez,Director,Female,Latino,30,11/18/2022,"$168,050 ",24%,
E02214,Lyla Turner,Sr. Manager,Female,Caucasian,51,11/7/2003,"$130,862 ",12%,
E02215,Adrian Ngo,Enterprise Architect,Male,Asian,58,9/19/2021,"$85,716 ",0%,
E02216,Aria Juarez,Director,Female,Latino,62,7/30/2011,"$185,026 ",24%,
E02217,Audrey Ramos,Vice President,Female,Latino,27,12/9/2021,"$182,403 ",30%,
E02218,Hazel Cho,Vice President,Female,Asian,63,8/12/2004,"$193,531 ",40%,
E02219,Iris Chung,Manager,Female,Asian,52,3/12/2013,"$128,301 ",6%,9/17/2021
E02220,Thomas Rodriguez,Analyst,Male,Latino,36,10/9/2019,"$51,669 ",0%,9/29/2022
E02221,Avery Lo,Automation Engineer,Female,Asian,47,1/26/2001,"$104,289 ",0%,
E02222,Gabriel Bell,Cloud Infrastructure Architect,Male,Caucasian,27,3/21/2021,"$70,181 ",0%,
E02223,Gianna Walker,Computer Systems Manager,Female,Caucasian,45,3/23/2021,"$92,317 ",6%,
E02224,Axel Bailey,Sr. Analyst,Male,Black,47,12/7/2022,"$99,382 ",0%,
E02225,Scarlett Green,Network Engineer,Female,Caucasian,26,4/21/2020,"$67,702 ",0%,
E02226,Jackson Wong,Analyst II,Male,Asian,58,12/26/2006,"$53,133 ",0%,
E02227,Eva Jimenez,Operations Engineer,Female,Latino,60,4/13/1998,"$110,554 ",0%,
E02228,Ian Ma,Manager,Male,Asian,45,7/9/2010,"$109,221 ",9%,
E02229,Luna Castro,IT Systems Architect,Female,Latino,45,2/1/2007,"$88,933 ",0%,
E02230,Nolan Brooks,Business Partner,Male,Caucasian,40,11/8/2014,"$49,342 ",0%,8/27/2019
E02231,Jayden Jones,Cloud Infrastructure Architect,Male,Caucasian,27,7/9/2022,"$74,587 ",0%,
E02232,Asher Hsu,Sr. Analyst,Male,Asian,36,3/13/2020,"$80,757 ",0%,
E02233,Greyson Lim,Director,Male,Asian,28,10/12/2022,"$198,662 ",25%,
E02234,Chloe Miller,Sr. Manager,Female,Black,57,8/12/2021,"$142,506 ",11%,
E02235,Jaxson Brooks,Network Architect,Male,Black,57,7/15/2022,"$77,028 ",0%,
E02236,Jack Perez,Cloud Infrastructure Architect,Male,Latino,30,1/9/2017,"$80,389 ",0%,9/10/2017
E02237,Ruby Reed,Vice President,Female,Caucasian,26,1/23/2022,"$249,062 ",39%,
E02238,Ivy Rojas,IT Coordinator,Female,Latino,53,1/8/2013,"$52,675 ",0%,
E02239,Hudson Wong,Sr. Account Representative,Male,Asian,59,5/11/2014,"$83,365 ",0%,
E02240,Ryan Yi,Solutions Architect,Male,Asian,56,8/17/2003,"$82,758 ",0%,
E02241,Carter Simmons,Manager,Male,Caucasian,41,5/30/2012,"$126,406 ",10%,
E02242,Emilia Xu,Manager,Female,Asian,46,1/24/2017,"$103,147 ",6%,
E02243,Adam Medina,IT Systems Architect,Male,Latino,49,10/4/2020,"$81,622 ",0%,
E02244,Connor Howard,Systems Analyst,Male,Caucasian,42,3/15/2021,"$44,265 ",0%,6/27/2022
E02245,Audrey Duong,Vice President,Female,Asian,55,3/3/1999,"$213,998 ",34%,
E02246,Landon Reyes,Director,Male,Latino,44,8/23/2014,"$171,823 ",27%,
E02247,Noah Ma,Vice President,Male,Asian,28,11/6/2018,"$201,013 ",31%,
E02248,Lucas Alexander,Director,Male,Black,41,9/20/2013,"$192,944 ",22%,
E02249,Henry Vo,Controls Engineer,Male,Asian,60,9/13/1996,"$81,699 ",0%,
E02250,Mila Han,Manager,Female,Asian,54,11/14/2009,"$128,791 ",6%,
E02251,Genesis Herrera,Manager,Female,Latino,34,10/3/2015,"$126,898 ",10%,
E02252,Olivia Vazquez,Network Engineer,Female,Latino,53,4/13/2020,"$93,053 ",0%,
E02253,Leilani Ng,Systems Analyst,Female,Asian,48,9/19/2011,"$50,513 ",0%,10/30/2019
E02254,Olivia Mendoza,Sr. Account Representative,Female,Latino,43,5/7/2017,"$86,533 ",0%,
E02255,Skylar Xu,Test Engineer,Female,Asian,60,10/16/1997,"$72,806 ",0%,
E02256,Eloise Williams,Vice President,Female,Black,42,2/12/2019,"$258,115 ",36%,
E02257,Jackson Maldonado,Cloud Infrastructure Architect,Male,Latino,52,5/1/2008,"$63,444 ",0%,
E02258,Christian Harris,Engineering Manager,Male,Caucasian,50,2/21/1999,"$96,099 ",11%,
E02259,Penelope Santos,IT Systems Architect,Female,Latino,37,3/1/2009,"$92,849 ",0%,
E02260,Nicholas Zhou,Sr. Account Representative,Male,Asian,58,10/28/2014,"$85,094 ",0%,
E02261,Ayla Garza,Sr. Manager,Female,Latino,39,6/15/2017,"$156,224 ",14%,
E02262,Carson Mai,Vice President,Male,Asian,50,4/15/1996,"$245,920 ",36%,5/16/1996
E02263,Luna Lu,Analyst II,Female,Asian,51,3/6/2007,"$50,214 ",0%,
E02264,Anthony Ho,Sr. Analyst,Male,Asian,31,1/11/2015,"$79,713 ",0%,
E02265,Clara Lopez,Director,Female,Latino,52,8/9/1999,"$166,699 ",27%,
E02266,Melody Woods,Network Administrator,Female,Caucasian,63,12/20/2010,"$78,788 ",0%,
E02267,Matthew Simmons,Sr. Manager,Male,Black,28,12/19/2022,"$142,797 ",10%,
E02268,Gabriella Carrillo,Vice President,Female,Latino,39,7/16/2012,"$187,516 ",35%,
E02269,Lydia Juarez,Director,Female,Latino,36,9/21/2013,"$156,029 ",15%,
E02270,Ava Carrillo,Sr. Manager,Female,Latino,63,1/1/1999,"$149,582 ",14%,3/3/2021
E02271,Elena Sharma,Director,Female,Asian,47,10/24/2014,"$163,922 ",21%,
E02272,Julia Ahmed,Vice President,Female,Asian,43,11/14/2004,"$240,860 ",37%,
E02273,Iris Vo,Manager,Female,Asian,39,9/27/2018,"$128,497 ",7%,
E02274,Hunter Yi,Automation Engineer,Male,Asian,55,5/10/2015,"$121,976 ",0%,
E02275,Valentina Oh,Sr. Manager,Female,Asian,32,7/12/2022,"$126,464 ",15%,
E02276,Kinsley Tran,Vice President,Female,Asian,53,9/5/2005,"$234,064 ",33%,
E02277,Christian Hong,Sr. Analyst,Male,Asian,59,1/16/2008,"$81,829 ",0%,
E02278,Amelia Mehta,Director,Female,Asian,26,4/21/2022,"$193,971 ",22%,
E02279,Axel Leung,Business Partner,Male,Asian,55,8/17/2001,"$47,696 ",0%,
E02280,Lucas Lam,Manager,Male,Asian,34,7/17/2013,"$116,676 ",10%,
E02281,Jose Thompson,Manager,Male,Caucasian,45,4/5/2012,"$104,162 ",9%,
E02282,Wesley Duong,Sr. Business Partner,Male,Asian,29,4/14/2022,"$86,226 ",0%,
E02283,Adeline Maldonado,Director,Female,Latino,45,5/30/2011,"$172,206 ",29%,
E02284,Elias Diaz,HRIS Analyst,Male,Latino,34,4/6/2012,"$55,985 ",0%,
E02285,Wyatt Aguilar,Technical Architect,Male,Latino,26,6/6/2021,"$61,481 ",0%,
E02286,Josephine Espinoza,Manager,Female,Latino,30,11/26/2017,"$124,295 ",7%,
E02287,Adeline Lai,Sr. Manager,Female,Asian,55,2/8/1999,"$132,894 ",15%,
E02288,Christopher Vu,Computer Systems Manager,Male,Asian,47,3/16/2002,"$88,839 ",5%,10/28/2014
E02289,Kai Vega,Automation Engineer,Male,Latino,51,6/16/2005,"$78,107 ",0%,
E02290,Hailey Chin,Sr. Manager,Female,Asian,54,7/10/1993,"$135,642 ",10%,
E02291,Eleanor Xi,Sr. Manager,Female,Asian,64,1/10/1997,"$147,853 ",11%,
E02292,Lily Molina,Manager,Female,Latino,40,9/15/2009,"$125,900 ",7%,4/16/2018
E02293,Levi Vasquez,IT Coordinator,Male,Latino,27,2/10/2020,"$42,969 ",0%,
E02294,Elijah Washington,Vice President,Male,Caucasian,47,2/13/2022,"$214,303 ",40%,
E02295,Gianna Park,Vice President,Female,Asian,28,12/19/2020,"$199,406 ",38%,
E02296,Melody Leung,Vice President,Female,Asian,35,3/20/2015,"$182,436 ",37%,
E02297,Liliana Valdez,Computer Systems Manager,Female,Latino,59,10/1/1996,"$96,507 ",9%,
E02298,Ezekiel Kumar,Field Engineer,Male,Asian,33,11/19/2015,"$82,906 ",0%,10/11/2016
E02299,Ruby Rahman,Business Partner,Female,Asian,62,12/5/2005,"$41,616 ",0%,
E02300,Natalie Stewart,Network Engineer,Female,Caucasian,50,6/30/2003,"$92,344 ",0%,1/26/2022
E02301,Charlotte Lim,Vice President,Female,Asian,55,6/27/2006,"$196,614 ",37%,
E02302,Elena Campos,Manager,Female,Latino,47,2/6/2022,"$104,253 ",9%,
E02303,Vivian Lim,IT Coordinator,Female,Asian,34,1/22/2021,"$44,677 ",0%,
E02304,Madison Xu,Network Engineer,Female,Asian,39,12/13/2017,"$66,463 ",0%,
E02305,Ava Aguilar,Business Partner,Female,Latino,35,12/17/2015,"$53,285 ",0%,
E02306,Kayden Patel,Development Engineer,Male,Asian,54,3/22/1997,"$67,683 ",0%,
E02307,Penelope Desai,Vice President,Female,Asian,41,10/29/2018,"$238,155 ",38%,
E02308,Henry Vang,Director,Male,Asian,37,6/21/2019,"$173,630 ",24%,
E02309,Eliana Turner,Sr. Analyst,Female,Black,29,1/27/2020,"$98,992 ",0%,
E02310,Charlotte Tran,Vice President,Female,Asian,64,4/11/2017,"$253,330 ",39%,
E02311,Everly Coleman,Sr. Manager,Female,Caucasian,54,8/14/2011,"$158,403 ",14%,8/2/2019
E02312,Matthew Harris,Sr. Manager,Male,Caucasian,36,3/27/2021,"$156,085 ",12%,
E02313,Emilia Barnes,Enterprise Architect,Female,Black,54,4/18/2013,"$80,129 ",0%,
E02314,Sophie Griffin,Account Representative,Female,Caucasian,56,1/9/2017,"$60,517 ",0%,
E02315,Kai Phillips,Test Engineer,Male,Caucasian,48,12/13/2016,"$72,315 ",0%,5/20/2017
E02316,Dylan Khan,Director,Male,Asian,35,7/11/2015,"$153,815 ",19%,5/31/2016
E02317,Nevaeh Clark,Sr. Manager,Female,Black,32,8/16/2018,"$139,552 ",15%,
E02318,Carter Luu,Vice President,Male,Asian,25,10/20/2022,"$257,296 ",35%,
E02319,Jordan Ngo,Sr. Analyst,Male,Asian,26,5/4/2020,"$91,372 ",0%,
E02320,Jackson Hu,Sr. Business Partner,Male,Asian,53,6/5/2017,"$73,601 ",0%,
E02321,Madelyn Kang,IT Systems Architect,Female,Asian,37,4/29/2013,"$71,871 ",0%,
E02322,Everleigh Bell,Sr. Account Representative,Female,Caucasian,31,2/7/2016,"$84,925 ",0%,
E02323,Eliana Trinh,Sr. Manager,Female,Asian,47,1/7/2010,"$155,600 ",14%,
E02324,Oliver Ford,Manager,Male,Black,32,12/15/2018,"$101,564 ",6%,
E02325,Ryan Huang,Controls Engineer,Male,Asian,40,10/12/2009,"$80,150 ",0%,
E02326,Gabriel Ahmed,HRIS Analyst,Male,Asian,65,10/9/2021,"$73,996 ",0%,9/4/2022
E02327,Ivy Rios,Network Architect,Female,Latino,25,1/18/2022,"$90,109 ",0%,
E02328,Luca Hunter,Field Engineer,Male,Caucasian,39,6/27/2022,"$67,216 ",0%,
E02329,Claire Owens,Network Engineer,Female,Caucasian,52,6/7/1998,"$75,402 ",0%,
E02330,Aubrey Maldonado,Automation Engineer,Female,Latino,38,6/13/2022,"$120,795 ",0%,
E02331,Elias Vasquez,Systems Analyst,Male,Latino,33,7/27/2015,"$44,012 ",0%,
E02332,Melody Luu,Vice President,Female,Asian,28,4/3/2021,"$219,180 ",33%,
E02333,Christopher Luu,Vice President,Male,Asian,61,10/27/2005,"$258,700 ",32%,
E02334,James Han,Test Engineer,Male,Asian,32,1/7/2018,"$97,496 ",0%,
E02335,Jaxson Ayala,Vice President,Male,Latino,28,8/1/2020,"$239,270 ",38%,
E02336,Levi James,Manager,Male,Caucasian,39,3/2/2012,"$103,466 ",5%,
E02337,Grayson Carrillo,Sr. Analyst,Male,Latino,57,6/27/2001,"$74,662 ",0%,
E02338,Maverick Hwang,Vice President,Male,Asian,40,4/20/2015,"$227,816 ",33%,
E02339,Noah Truong,Vice President,Male,Asian,47,12/8/2013,"$246,680 ",39%,
E02340,Willow Guzman,Enterprise Architect,Female,Latino,43,6/26/2010,"$85,164 ",0%,
E02341,Rylee Howard,Sr. Manager,Female,Black,33,8/18/2014,"$135,215 ",12%,
E02342,Ian Marquez,HRIS Analyst,Male,Latino,31,1/14/2019,"$72,542 ",0%,
E02343,Layla Owens,Vice President,Female,Caucasian,47,2/7/2018,"$246,303 ",34%,
E02344,Chloe Dixon,Vice President,Female,Caucasian,60,5/11/2021,"$186,400 ",40%,
E02345,Emily Zheng,Solutions Architect,Female,Asian,50,12/6/2022,"$91,004 ",0%,
E02346,Jayden Rogers,Manager,Male,Caucasian,41,12/14/2016,"$101,411 ",8%,
E02347,Elizabeth Vasquez,Controls Engineer,Female,Latino,28,8/9/2020,"$111,779 ",0%,
E02348,Samantha Ford,Technical Architect,Female,Caucasian,25,1/19/2022,"$86,075 ",0%,
E02349,Thomas Silva,Analyst,Male,Latino,45,8/13/2015,"$52,798 ",0%,1/30/2018
E02350,Charlotte Park,Network Architect,Female,Asian,63,12/17/2020,"$96,136 ",0%,
E02351,Liam Jimenez,Sr. Analyst,Male,Latino,52,8/11/2002,"$95,682 ",0%,5/17/2012
E02352,Ivy Liu,Analyst II,Female,Asian,59,5/29/1993,"$55,476 ",0%,
E02353,Jayden Dixon,Vice President,Male,Caucasian,30,1/14/2018,"$197,792 ",34%,
E02354,Nevaeh Butler,Field Engineer,Female,Caucasian,55,7/10/2009,"$82,271 ",0%,
E02355,Leonardo Li,Sr. Manager,Male,Asian,65,4/23/2009,"$155,716 ",12%,
E02356,Kinsley Woods,HRIS Analyst,Female,Caucasian,34,6/19/2014,"$71,699 ",0%,
E02357,Abigail Chu,Sr. Manager,Female,Asian,51,4/17/2006,"$147,436 ",11%,
E02358,Ava Xiong,Sr. Business Partner,Female,Asian,52,7/21/2019,"$88,220 ",0%,
E02359,Olivia Marquez,Account Representative,Female,Latino,44,4/6/2020,"$54,295 ",0%,
E02360,Claire Vazquez,Vice President,Female,Latino,44,6/12/2004,"$246,538 ",35%,
E02361,Christian Castro,IT Coordinator,Male,Latino,40,4/15/2006,"$43,645 ",0%,5/9/2008
E02362,Mason Oh,Manager,Male,Asian,25,4/11/2022,"$125,644 ",7%,
E02363,Violet Santiago,Service Desk Analyst,Female,Latino,32,1/14/2018,"$78,414 ",0%,
E02364,Lily Rios,Sr. Analyst,Female,Latino,45,1/25/2013,"$88,016 ",0%,
E02365,Kinsley Stewart,Computer Systems Manager,Female,Caucasian,56,9/7/2021,"$66,561 ",6%,
E02366,Aria Molina,Development Engineer,Female,Latino,52,10/24/2001,"$89,811 ",0%,8/20/2022
E02367,James Cheng,Manager,Male,Asian,49,5/26/2010,"$125,506 ",9%,
E02368,Mila Vang,Analyst II,Female,Asian,46,8/25/2009,"$56,409 ",0%,
E02369,Alice Liu,Sr. Manager,Female,Asian,39,2/22/2012,"$122,058 ",14%,
E02370,Delilah Gonzalez,Sr. Analyst,Female,Latino,55,3/29/1998,"$82,550 ",0%,
E02371,Samuel Tang,System Administrator ,Male,Asian,34,9/15/2012,"$93,760 ",0%,
E02372,Serenity Gray,Analyst,Female,Black,56,6/19/2012,"$55,008 ",0%,
E02373,Benjamin Estrada,Analyst II,Male,Latino,56,9/28/2012,"$65,368 ",0%,
E02374,Wesley Han,Test Engineer,Male,Asian,62,4/20/2017,"$83,955 ",0%,
E02375,Nora Herrera,Vice President,Female,Latino,60,12/24/1997,"$231,907 ",38%,
E02376,Lincoln Harris,IT Systems Architect,Male,Caucasian,42,9/16/2009,"$97,628 ",0%,
E02377,Charles Gonzales,IT Systems Architect,Male,Latino,27,9/22/2020,"$88,142 ",0%,
E02378,Athena Cheng,Test Engineer,Female,Asian,37,3/2/2020,"$83,465 ",0%,
E02379,David Garza,Director,Male,Latino,29,1/9/2022,"$197,731 ",15%,
E02380,Hunter Doan,Sr. Manager,Male,Asian,32,12/15/2014,"$151,758 ",12%,
E02381,Julian Lam,Director,Male,Asian,33,9/8/2013,"$164,340 ",15%,
E02382,Sofia Estrada,Controls Engineer,Female,Latino,42,3/26/2006,"$104,916 ",0%,
E02383,Jordan Chen,Analyst,Male,Asian,60,1/22/1997,"$42,536 ",0%,
E02384,Eloise Huang,Vice President,Female,Asian,51,4/5/2009,"$195,171 ",33%,
E02385,Ivy Mehta,Business Partner,Female,Asian,50,5/26/2020,"$45,290 ",0%,8/4/2021
E02386,Eli Castillo,Vice President,Male,Latino,50,12/11/2009,"$203,306 ",38%,
E02387,Nolan Garcia,Analyst II,Male,Latino,26,6/16/2022,"$66,865 ",0%,
E02388,Alexander Zhu,Network Architect,Male,Asian,30,10/17/2022,"$89,164 ",0%,
E02389,Victoria Wu,Sr. Analyst,Female,Asian,35,10/28/2021,"$75,602 ",0%,
E02390,Mateo Jordan,Network Administrator,Male,Caucasian,44,2/13/2021,"$92,939 ",0%,
E02391,Everly Martin,Analyst II,Female,Black,26,5/28/2020,"$64,278 ",0%,
E02392,Athena Castro,Solutions Architect,Female,Latino,44,10/4/2013,"$72,176 ",0%,
E02393,Josephine White,Computer Systems Manager,Female,Caucasian,61,2/5/2010,"$87,758 ",9%,
E02394,Nicholas Vo,Analyst II,Male,Asian,50,6/1/2002,"$54,646 ",0%,
E02395,Jackson Sandoval,HRIS Analyst,Male,Latino,61,1/26/2011,"$73,323 ",0%,
E02396,Olivia Turner,Director,Female,Caucasian,29,1/7/2021,"$151,492 ",21%,
E02397,Cooper Rivera,Sr. Manager,Male,Latino,42,12/26/2005,"$138,215 ",12%,
E02398,Hailey Washington,Sr. Manager,Female,Black,51,7/3/2013,"$135,578 ",10%,7/6/2018
E02399,Mia Vasquez,Test Engineer,Female,Latino,27,12/2/2019,"$64,297 ",0%,
E02400,Jose Grant,Development Engineer,Male,Caucasian,52,6/28/2021,"$94,857 ",0%,2/12/2023
E02401,Nathan Yee,Development Engineer,Male,Asian,58,10/24/2009,"$77,196 ",0%,
E02402,Isabella Munoz,Director,Female,Latino,45,12/25/2002,"$193,154 ",18%,
E02403,Michael Turner,Manager,Male,Black,28,12/29/2019,"$115,916 ",9%,
E02404,Oliver Jones,Vice President,Male,Caucasian,56,3/20/2016,"$192,374 ",30%,
E02405,Charles Taylor,Director,Male,Caucasian,32,7/15/2019,"$186,869 ",16%,
E02406,Gianna Alvarez,Business Partner,Female,Latino,58,5/11/1993,"$49,293 ",0%,
E02407,Nova Martin,Manager,Female,Caucasian,39,4/13/2013,"$129,087 ",5%,
E02408,Julia Gonzalez,Analyst,Female,Latino,46,2/15/2005,"$54,831 ",0%,
E02409,Athena Vu,Analyst,Female,Asian,26,11/28/2020,"$51,825 ",0%,
E02410,Caroline Bui,Field Engineer,Female,Asian,36,9/15/2019,"$67,457 ",0%,
E02411,Daniel Ali,Cloud Infrastructure Architect,Male,Asian,43,9/28/2019,"$94,555 ",0%,
E02412,Iris Huang,Director,Female,Asian,45,3/28/2008,"$163,686 ",25%,
E02413,Natalia Cheng,Systems Analyst,Female,Asian,65,7/29/2002,"$47,919 ",0%,
E02414,Owen Evans,Enterprise Architect,Male,Caucasian,34,5/28/2021,"$68,972 ",0%,10/29/2022
E02415,Angel Dixon,Analyst,Male,Caucasian,52,4/1/2002,"$50,775 ",0%,
E02416,Aubrey Guerrero,Sr. Manager,Female,Latino,39,2/12/2013,"$122,713 ",13%,
E02417,Ivy Do,Analyst II,Female,Asian,57,5/13/1993,"$57,230 ",0%,
E02418,Kai Gutierrez,Sr. Manager,Male,Latino,63,12/17/1997,"$148,794 ",10%,
E02419,Caroline Ahmed,Sr. Manager,Female,Asian,32,12/23/2016,"$155,884 ",13%,
E02420,Alice Sharma,Account Representative,Female,Asian,51,10/5/2018,"$50,975 ",0%,
E02421,Leo Simmons,Analyst,Male,Black,38,12/13/2017,"$52,200 ",0%,
E02422,Asher Hong,Director,Male,Asian,53,4/17/2018,"$154,141 ",26%,
E02423,Gianna Ramirez,Field Engineer,Female,Latino,59,7/25/1993,"$69,245 ",0%,
E02424,Thomas Smith,Field Engineer,Male,Caucasian,57,4/2/1999,"$78,212 ",0%,9/5/2010
E02425,Carter Hunter,Sr. Analyst,Male,Caucasian,41,10/7/2019,"$72,650 ",0%,8/21/2020
E02426,Charlotte Green,Automation Engineer,Female,Caucasian,33,11/10/2020,"$124,681 ",0%,
E02427,Lincoln Holmes,Network Administrator,Male,Black,35,8/21/2013,"$89,051 ",0%,
E02428,Hudson Hu,Automation Engineer,Male,Asian,36,12/2/2019,"$121,049 ",0%,1/8/2023
E02429,Noah Mitchell,Network Engineer,Male,Caucasian,54,6/15/2007,"$70,519 ",0%,
E02430,Liliana Choi,Manager,Female,Asian,55,1/25/2007,"$106,302 ",8%,
E02431,Leonardo Cho,Engineering Manager,Male,Asian,38,8/25/2008,"$119,960 ",15%,
E02432,Oliver Delgado,Test Engineer,Male,Latino,45,2/22/2017,"$84,309 ",0%,
E02433,Isabella Roberts,Vice President,Female,Caucasian,53,8/20/2007,"$228,494 ",33%,
E02434,Luca Desai,Manager,Male,Asian,45,5/23/2017,"$112,076 ",6%,
E02435,William Juarez,Technical Architect,Male,Latino,65,7/29/2016,"$88,533 ",0%,
E02436,Ryan Alvarez,HRIS Analyst,Male,Latino,62,11/29/2018,"$72,025 ",0%,
E02437,Hudson Ha,Field Engineer,Male,Asian,59,2/6/2004,"$67,947 ",0%,
E02438,Hannah Brown,Cloud Infrastructure Architect,Female,Caucasian,42,7/12/2020,"$79,764 ",0%,2/5/2021
E02439,Hadley Le,Cloud Infrastructure Architect,Female,Asian,33,3/18/2015,"$60,690 ",0%,
E02440,Jaxson Shah,Analyst,Male,Asian,29,8/25/2018,"$44,520 ",0%,
E02441,Christopher Delgado,Network Architect,Male,Latino,33,6/24/2022,"$84,317 ",0%,
E02442,Hannah Ng,Director,Female,Asian,36,5/14/2015,"$151,055 ",19%,
E02443,Austin Ngo,Network Architect,Male,Asian,43,3/27/2020,"$62,492 ",0%,
E02444,Gianna Han,HRIS Analyst,Female,Asian,51,2/27/2011,"$72,589 ",0%,
E02445,Isaac Choi,Operations Engineer,Male,Asian,27,1/21/2021,"$82,286 ",0%,11/2/2022
E02446,Madeline Smith,Cloud Infrastructure Architect,Female,Caucasian,55,11/23/2011,"$66,660 ",0%,11/16/2017
E02447,Ellie Fernandez,Quality Engineer,Female,Latino,62,8/18/2009,"$86,805 ",0%,
E02448,Lyla Lai,Manager,Female,Asian,46,8/11/2004,"$125,878 ",10%,1/29/2009
E02449,Emily Moore,Analyst,Female,Black,47,11/8/2009,"$50,290 ",0%,
E02450,Aubrey Moreno,Computer Systems Manager,Female,Latino,57,6/30/2000,"$97,083 ",6%,11/26/2008
E02451,Nova Xiong,Network Administrator,Female,Asian,49,4/10/2019,"$93,306 ",0%,
E02452,Eva Lam,Field Engineer,Female,Asian,42,3/8/2022,"$73,404 ",0%,
E02453,Caroline Chau,IT Systems Architect,Female,Asian,55,12/7/2022,"$91,179 ",0%,2/1/2023
E02454,Sofia Chen,Manager,Female,Asian,46,8/27/2006,"$108,003 ",5%,
E02455,Christopher Sharma,System Administrator ,Male,Asian,45,4/16/2004,"$81,384 ",0%,
E02456,Lucas Grant,Sr. Business Partner,Male,Caucasian,53,3/28/2012,"$97,218 ",0%,
E02457,Delilah Washington,Analyst,Female,Caucasian,46,9/17/2006,"$42,944 ",0%,
E02458,Eloise Molina,Analyst,Female,Latino,48,1/18/2015,"$43,980 ",0%,
E02459,Clara Desai,Manager,Female,Asian,33,11/20/2014,"$109,533 ",5%,
E02460,Audrey Campbell,Vice President,Female,Caucasian,56,7/30/2008,"$226,952 ",39%,
E02461,Delilah Alvarez,System Administrator ,Female,Latino,59,11/27/2007,"$71,580 ",0%,
E02462,Luke Luna,Analyst II,Male,Latino,55,11/16/2012,"$66,172 ",0%,
E02463,Elizabeth Tan,Vice President,Female,Asian,46,7/27/2018,"$237,489 ",30%,
E02464,Sophia Wang,Analyst,Female,Asian,50,5/20/2000,"$48,733 ",0%,
E02465,Nova Park,Analyst,Female,Asian,29,7/23/2017,"$48,563 ",0%,
E02466,Josiah Khan,Cloud Infrastructure Architect,Male,Asian,57,10/26/2004,"$86,592 ",0%,
E02467,Madison Gray,Vice President,Female,Caucasian,39,8/29/2011,"$189,823 ",38%,
E02468,Luca Washington,Enterprise Architect,Male,Black,40,6/27/2022,"$65,075 ",0%,
E02469,Isaac Cruz,Vice President,Male,Latino,33,5/9/2018,"$187,917 ",35%,
E02470,Ellie Ortega,Analyst,Female,Latino,49,10/20/2020,"$42,242 ",0%,
E02471,Ian Huang,Analyst,Male,Asian,54,2/7/1998,"$53,931 ",0%,
E02472,Jayden Ahmed,Sr. Manager,Male,Asian,51,3/28/2006,"$140,668 ",12%,
E02473,Violet Simmons,Analyst,Female,Caucasian,33,10/23/2017,"$53,948 ",0%,
E02474,William Roberts,Director,Male,Caucasian,34,4/12/2017,"$174,257 ",30%,
E02475,Penelope Sandoval,Sr. Manager,Female,Latino,28,12/18/2019,"$132,209 ",14%,
E02476,Emilia Ortiz,Vice President,Female,Latino,34,7/16/2017,"$208,883 ",38%,
E02477,Layla Gutierrez,Computer Systems Manager,Female,Latino,39,5/5/2022,"$65,957 ",5%,
E02478,Dylan Vu,Manager,Male,Asian,63,7/22/2004,"$106,481 ",5%,
E02479,Peyton Wong,Vice President,Female,Asian,35,8/5/2020,"$218,127 ",37%,
E02480,Santiago f Banks,Sr. Manager,Male,Caucasian,44,8/16/2019,"$151,481 ",11%,
E02481,Caroline Wong,Analyst,Female,Asian,37,3/8/2017,"$40,508 ",0%,
E02482,Quinn Ho,Vice President,Female,Asian,45,7/20/2002,"$200,481 ",30%,
E02483,Caroline Nunez,Vice President,Female,Latino,65,12/20/2002,"$224,872 ",39%,
E02484,Carson Brown,Sr. Manager,Male,Black,65,11/5/2007,"$149,474 ",14%,
E02485,Olivia Maldonado,Test Engineer,Female,Latino,63,2/18/2002,"$86,820 ",0%,
E02486,Emilia Chung,Director,Female,Asian,55,11/8/1994,"$184,078 ",28%,
E02487,Leilani Shin,Analyst,Female,Asian,58,12/18/2013,"$55,174 ",0%,
E02488,Abigail Zhu,Director,Female,Asian,31,1/17/2022,"$152,474 ",27%,
E02489,Autumn Xiong,Network Administrator,Female,Asian,28,2/13/2020,"$75,172 ",0%,
E02490,Hailey Cruz,Business Partner,Female,Latino,50,8/10/2008,"$56,002 ",0%,
E02491,Piper Cruz,Director,Female,Latino,61,4/13/2013,"$195,636 ",21%,
E02492,Jaxson Jackson,Enterprise Architect,Male,Caucasian,53,3/1/1997,"$63,165 ",0%,
E02493,Serenity Mehta,Analyst,Female,Asian,51,7/21/1998,"$57,277 ",0%,
E02494,Peyton Gomez,Analyst,Female,Latino,56,1/14/2020,"$42,950 ",0%,
E02495,Ethan Vargas,Director,Male,Latino,38,10/9/2018,"$168,410 ",30%,
E02496,Serenity Morris,Manager,Female,Caucasian,41,4/12/2008,"$114,588 ",5%,
E02497,Vivian Chan,Sr. Analyst,Female,Asian,61,5/12/1997,"$72,546 ",0%,3/29/2021
E02498,Lincoln Singh,Analyst,Male,Asian,33,1/9/2021,"$55,397 ",0%,
E02499,Ayla Lim,Director,Female,Asian,41,9/5/2021,"$192,266 ",23%,
E02500,Leilani Hong,System Administrator ,Female,Asian,36,12/20/2013,"$79,876 ",0%,2/2/2023
E02501,Victoria Doan,Manager,Female,Asian,42,3/6/2018,"$112,593 ",5%,
E02502,Naomi Wright,System Administrator ,Female,Caucasian,36,11/3/2016,"$99,249 ",0%,
E02503,Scarlett Howard,Manager,Female,Caucasian,55,8/12/2012,"$117,421 ",5%,8/28/2017
E02504,Victoria Vo,Field Engineer,Female,Asian,44,12/18/2017,"$82,241 ",0%,
E02505,Oliver Fernandez,Manager,Male,Latino,31,5/15/2022,"$125,664 ",5%,
E02506,Luca Jiang,Account Representative,Male,Asian,47,9/8/2013,"$57,386 ",0%,
E02507,Charlotte Owens,Vice President,Female,Black,59,5/11/2001,"$196,740 ",31%,
E02508,Stella Tan,Director,Female,Asian,48,8/22/2009,"$168,202 ",22%,
E02509,Ellie Yoon,Vice President,Female,Asian,44,7/11/2006,"$242,004 ",38%,
E02510,Ella Do,Account Representative,Female,Asian,52,2/28/1998,"$57,433 ",0%,
E02511,Lucas Cruz,Sr. Analyst,Male,Latino,54,7/11/2009,"$74,656 ",0%,
E02512,Sarah Mehta,HRIS Analyst,Female,Asian,31,8/23/2016,"$62,848 ",0%,
E02513,Anthony Phan,Enterprise Architect,Male,Asian,39,4/11/2011,"$92,523 ",0%,
E02514,David Chu,Sr. Manager,Male,Asian,40,12/16/2012,"$142,844 ",11%,
E02515,Sebastian Sanders,Manager,Male,Caucasian,39,1/23/2009,"$100,718 ",5%,
E02516,Jayden Phillips,Director,Male,Caucasian,25,10/13/2022,"$154,186 ",26%,
E02517,Caleb Chan,Operations Engineer,Male,Asian,48,6/24/2003,"$107,586 ",0%,
E02518,Ariana Santiago,Network Architect,Female,Latino,54,10/28/2003,"$88,906 ",0%,
E02519,Quinn Owens,Field Engineer,Female,Caucasian,40,5/9/2018,"$74,329 ",0%,
E02520,Eli James,Network Engineer,Male,Caucasian,32,4/15/2021,"$86,523 ",0%,11/7/2021
E02521,Ezra Aguilar,Vice President,Male,Latino,60,11/5/2014,"$239,868 ",40%,
E02522,Anna Castro,Analyst II,Female,Latino,29,5/21/2018,"$65,010 ",0%,
E02523,Liliana Lewis,Network Administrator,Female,Caucasian,25,2/23/2021,"$82,140 ",0%,
E02524,Maverick Alvarado,Solutions Architect,Male,Latino,34,6/11/2016,"$75,511 ",0%,
E02525,Nora Butler,Vice President,Female,Black,26,5/6/2022,"$188,880 ",36%,
E02526,Landon Rodriguez,Sr. Account Representative,Male,Latino,39,11/19/2017,"$87,155 ",0%,
E02527,Grace Harris,Enterprise Architect,Female,Caucasian,34,10/28/2018,"$75,518 ",0%,
E02528,Jeremiah Medina,Sr. Manager,Male,Latino,54,9/28/1997,"$129,311 ",13%,
E02529,Charles Bryant,Analyst,Male,Caucasian,27,7/12/2022,"$56,919 ",0%,1/10/2023
E02530,Elizabeth Dixon,Sr. Manager,Female,Caucasian,26,11/15/2020,"$153,832 ",14%,
E02531,Riley Phillips,Vice President,Female,Caucasian,26,8/5/2022,"$211,121 ",35%,
E02532,Gianna Cruz,Manager,Female,Latino,29,7/2/2019,"$106,456 ",10%,
E02533,Lincoln Cruz,Network Architect,Male,Latino,64,7/15/1997,"$72,772 ",0%,
E02534,Ezekiel Contreras,Sr. Manager,Male,Latino,45,8/10/2001,"$143,146 ",14%,
E02535,Amelia Do,Analyst II,Female,Asian,45,12/24/2018,"$74,776 ",0%,
E02536,Anthony Perez,Sr. Account Representative,Male,Latino,51,9/13/2021,"$92,305 ",0%,
E02537,Elias Maldonado,IT Systems Architect,Male,Latino,56,4/1/2005,"$94,724 ",0%,
E02538,Liam Luong,Technical Architect,Male,Asian,58,11/13/1995,"$88,019 ",0%,
E02539,Jordan Ford,Manager,Male,Black,43,9/19/2016,"$108,000 ",10%,
E02540,Mateo Chung,Network Architect,Male,Asian,52,7/27/2018,"$81,438 ",0%,
E02541,Jameson Vang,Computer Systems Manager,Male,Asian,41,5/23/2018,"$95,669 ",10%,6/9/2021
E02542,Samuel Thomas,Vice President,Male,Caucasian,43,2/15/2016,"$180,385 ",33%,
E02543,Gabriel Rodriguez,IT Coordinator,Male,Latino,36,1/30/2016,"$45,184 ",0%,
E02544,Wyatt Robinson,Development Engineer,Male,Caucasian,55,8/8/2007,"$70,451 ",0%,
E02545,Anna Huynh,Technical Architect,Female,Asian,39,4/5/2009,"$63,259 ",0%,
E02546,Lucy Simmons,Analyst II,Female,Caucasian,56,3/1/2001,"$73,778 ",0%,
E02547,Austin Ng,Sr. Manager,Male,Asian,45,3/3/2009,"$126,697 ",13%,
E02548,Madeline Cruz,System Administrator ,Female,Latino,63,5/19/2008,"$75,396 ",0%,
E02549,Layla Munoz,Director,Female,Latino,39,9/24/2014,"$182,595 ",29%,9/14/2017
E02550,Alexander Tang,Analyst,Male,Asian,32,1/29/2015,"$45,424 ",0%,
E02551,Carson Chen,Analyst II,Male,Asian,45,12/3/2012,"$70,661 ",0%,
E02552,Kai Duong,IT Coordinator,Male,Asian,41,11/16/2018,"$57,166 ",0%,
E02553,Ayla Cooper,Operations Engineer,Female,Caucasian,56,2/15/2017,"$101,637 ",0%,12/26/2019
E02554,Eliza Espinoza,Manager,Female,Latino,30,12/28/2017,"$103,646 ",7%,
E02555,Axel King,Automation Engineer,Male,Caucasian,46,2/21/2010,"$100,757 ",0%,
E02556,Alexander Carter,Network Administrator,Male,Caucasian,47,10/4/2008,"$60,963 ",0%,
E02557,Robert Rogers,Vice President,Male,Caucasian,53,8/26/2011,"$258,734 ",34%,
E02558,Anthony Gupta,Cloud Infrastructure Architect,Male,Asian,38,9/23/2021,"$70,612 ",0%,
E02559,Jackson Gupta,Service Desk Analyst,Male,Asian,65,6/27/1993,"$77,065 ",0%,
E02560,Sophia Rodriguez,Development Engineer,Female,Latino,58,10/31/2007,"$96,256 ",0%,
E02561,Cora Patel,Analyst II,Female,Asian,36,5/13/2011,"$65,794 ",0%,
E02562,Piper Hsu,Analyst,Female,Asian,45,8/23/2015,"$48,491 ",0%,10/8/2015
E02563,Hunter Marquez,Operations Engineer,Male,Latino,34,8/7/2019,"$83,220 ",0%,
E02564,Addison Li,HRIS Analyst,Female,Asian,37,3/4/2010,"$61,680 ",0%,6/4/2015
E02565,Carson Hoang,Sr. Analyst,Male,Asian,43,10/9/2021,"$72,482 ",0%,
E02566,Julian Fernandez,Development Engineer,Male,Latino,27,2/7/2022,"$81,713 ",0%,
E02567,Caleb Rojas,Analyst II,Male,Latino,38,12/4/2021,"$68,281 ",0%,3/9/2022
E02568,Elizabeth Griffin,Cloud Infrastructure Architect,Female,Caucasian,60,9/10/1993,"$63,979 ",0%,
E02569,Nolan Han,Business Partner,Male,Asian,29,11/19/2017,"$53,090 ",0%,
E02570,Cameron Romero,Manager,Male,Latino,49,9/15/1997,"$108,325 ",10%,
E02571,Angel Patterson,Sr. Analyst,Male,Black,45,1/7/2018,"$98,289 ",0%,
E02572,Ryan Foster,IT Coordinator,Male,Caucasian,44,2/22/2004,"$41,275 ",0%,6/14/2007
E02573,Leonardo Patterson,Sr. Analyst,Male,Caucasian,46,2/6/2012,"$93,642 ",0%,
E02574,William Song,Director,Male,Asian,36,10/25/2010,"$162,957 ",18%,
E02575,Axel Aguilar,Sr. Analyst,Male,Latino,45,4/10/2022,"$96,029 ",0%,
E02576,Liam Valdez,Vice President,Male,Latino,55,3/1/1999,"$227,148 ",33%,
E02577,Hudson Washington,Cloud Infrastructure Architect,Male,Caucasian,43,9/17/2008,"$76,819 ",0%,10/20/2022
E02578,Owen Han,Analyst II,Male,Asian,30,9/1/2022,"$66,892 ",0%,
E02579,Harper Washington,Vice President,Female,Caucasian,48,6/24/1999,"$256,084 ",34%,
E02580,Brooklyn Parker,Sr. Analyst,Female,Black,60,3/19/2005,"$85,669 ",0%,
E02581,Hudson Oh,IT Coordinator,Male,Asian,30,9/9/2021,"$44,454 ",0%,
E02582,Maverick Howard,IT Coordinator,Male,Caucasian,25,4/13/2021,"$54,353 ",0%,
E02583,Alexander Dominguez,Analyst II,Male,Latino,58,11/27/2014,"$58,867 ",0%,
E02584,Jack Garcia,Manager,Male,Latino,37,3/21/2022,"$123,918 ",8%,
E02585,Aiden Hu,IT Coordinator,Male,Asian,44,5/7/2010,"$56,680 ",0%,
E02586,Cora Espinoza,Business Partner,Female,Latino,53,10/9/2019,"$55,206 ",0%,
E02587,Naomi Moua,Director,Female,Asian,58,1/13/2010,"$150,633 ",19%,
E02588,Liam Baker,Network Administrator,Male,Caucasian,65,1/26/2020,"$97,379 ",0%,
E02589,Christian Liu,Director,Male,Asian,57,3/29/2000,"$178,447 ",22%,
E02590,Aaron Munoz,Network Administrator,Male,Latino,31,6/13/2021,"$60,827 ",0%,
E02591,Levi Kang,Engineering Manager,Male,Asian,32,4/28/2019,"$96,951 ",13%,
E02592,Isaac Foster,Manager,Male,Caucasian,48,1/6/2001,"$103,051 ",9%,
E02593,Samantha Zhu,Vice President,Female,Asian,55,10/27/2001,"$256,592 ",30%,5/19/2010
E02594,Vivian Watson,Development Engineer,Female,Caucasian,52,7/7/2017,"$79,323 ",0%,
E02595,Emery Hernandez,Development Engineer,Female,Latino,27,7/12/2021,"$75,583 ",0%,
E02596,Camila Baker,Account Representative,Female,Caucasian,36,9/8/2012,"$73,646 ",0%,
E02597,David Bryant,Solutions Architect,Male,Caucasian,36,8/7/2022,"$64,937 ",0%,
E02598,Miles Perez,Manager,Male,Latino,42,6/11/2019,"$112,146 ",6%,
E02599,Elijah Hill,Sr. Analyst,Male,Caucasian,48,12/16/2018,"$83,332 ",0%,
E02600,Sofia Shin,Computer Systems Manager,Female,Asian,42,4/11/2008,"$66,248 ",7%,
E02601,Ezekiel Lee,Sr. Manager,Male,Asian,37,8/22/2019,"$127,238 ",15%,
E02602,Nevaeh Truong,Network Architect,Female,Asian,55,5/23/2012,"$87,857 ",0%,
E02603,Leah Ali,HRIS Analyst,Female,Asian,62,8/20/1999,"$51,454 ",0%,
E02604,Emma Soto,Sr. Manager,Female,Latino,29,9/13/2020,"$128,066 ",11%,
E02605,Lydia Marquez,Sr. Manager,Female,Latino,29,9/28/2018,"$130,790 ",10%,
E02606,Cora Munoz,Vice President,Female,Latino,45,5/17/2004,"$233,342 ",37%,
E02607,Hudson Ross,Analyst,Male,Caucasian,57,10/4/2009,"$54,155 ",0%,
E02608,Aiden Cheng,Vice President,Male,Asian,31,9/6/2019,"$189,403 ",36%,3/31/2021
E02609,Willow Vang,Sr. Analyst,Female,Asian,31,5/18/2018,"$78,732 ",0%,3/11/2019
E02610,Jonathan Young,Analyst,Male,Caucasian,47,4/28/2015,"$55,401 ",0%,
E02611,Isaac Rojas,System Administrator ,Male,Latino,60,7/12/2006,"$82,343 ",0%,
E02612,Dylan Guzman,Quality Engineer,Male,Latino,42,3/16/2017,"$66,226 ",0%,
E02613,Sarah Shin,Vice President,Female,Asian,26,12/3/2021,"$193,435 ",31%,
E02614,Michael Johnson,Manager,Male,Caucasian,57,4/18/2011,"$114,241 ",10%,
E02615,Riley Vega,Director,Female,Latino,25,11/11/2022,"$177,264 ",16%,
E02616,Benjamin Ali,Business Partner,Male,Asian,53,4/12/2016,"$58,010 ",0%,
E02617,Ezekiel Cooper,Director,Male,Black,43,3/15/2003,"$154,284 ",25%,
E02618,Lyla Walker,Analyst,Female,Caucasian,49,2/18/2002,"$54,633 ",0%,
E02619,Aria Cheng,Business Partner,Female,Asian,61,8/26/1996,"$42,829 ",0%,
E02620,Christopher Ramirez,Engineering Manager,Male,Latino,41,3/15/2010,"$118,973 ",10%,
E02621,Emily Roberts,Network Architect,Female,Caucasian,56,12/29/2018,"$61,251 ",0%,
E02622,Nathan Parker,Engineering Manager,Male,Caucasian,49,4/24/2002,"$108,636 ",10%,
E02623,Nora Her,Field Engineer,Female,Asian,32,4/24/2014,"$68,780 ",0%,
E02624,Mia Brown,Analyst II,Female,Caucasian,30,8/10/2016,"$60,261 ",0%,
E02625,Hunter Hu,Manager,Male,Asian,64,7/13/2003,"$100,951 ",5%,
E02626,Luke Acosta,Network Architect,Male,Latino,57,7/20/2022,"$93,872 ",0%,12/7/2022
E02627,Sophia Griffin,Vice President,Female,Caucasian,50,6/29/2018,"$181,570 ",35%,10/21/2021
E02628,Anthony Chu,Manager,Male,Asian,61,9/30/2003,"$101,517 ",9%,
E02629,Landon Ha,Manager,Male,Asian,43,1/30/2006,"$100,822 ",10%,
E02630,Layla Kang,Manager,Female,Asian,26,3/2/2022,"$128,965 ",9%,
E02631,Cora Xu,Network Administrator,Female,Asian,54,11/17/2011,"$60,513 ",0%,
E02632,Rylee Campos,Manager,Female,Latino,49,2/9/2005,"$107,461 ",8%,
E02633,Amelia Foster,Analyst II,Female,Caucasian,32,2/24/2018,"$66,294 ",0%,
E02634,Hadley Rios,Sr. Manager,Female,Latino,62,1/11/2009,"$157,500 ",15%,
E02635,Luna Chang,IT Coordinator,Female,Asian,64,10/20/2022,"$43,271 ",0%,
E02636,Mia Navarro,Technical Architect,Female,Latino,52,6/19/2011,"$91,518 ",0%,
E02637,Nova Rios,Sr. Manager,Female,Latino,42,4/15/2019,"$130,874 ",12%,
E02638,Theodore Truong,HRIS Analyst,Male,Asian,45,5/23/2017,"$66,324 ",0%,9/10/2021
E02639,Asher Ly,Analyst II,Male,Asian,65,1/29/1998,"$63,853 ",0%,
E02640,Madeline Doan,Manager,Female,Asian,46,1/10/2021,"$104,692 ",8%,
E02641,Scarlett Rodriguez,Solutions Architect,Female,Latino,64,11/3/2022,"$71,864 ",0%,
E02642,Zoey Lu,Vice President,Female,Asian,45,10/31/2007,"$216,269 ",37%,12/31/2010
E02643,Mila Cheung,Enterprise Architect,Female,Asian,32,12/17/2021,"$73,135 ",0%,
E02644,Lucy Mai,Director,Female,Asian,56,6/27/2022,"$197,579 ",18%,
E02645,Benjamin Luu,Systems Analyst,Male,Asian,46,12/15/2011,"$59,733 ",0%,
E02646,Mia Navarro,Vice President,Female,Latino,26,5/22/2020,"$187,792 ",40%,
E02647,Maya Watson,Manager,Female,Caucasian,59,1/7/2017,"$108,612 ",6%,
E02648,Jack Adams,System Administrator ,Male,Black,50,7/18/2018,"$80,350 ",0%,
E02649,Gabriella Jordan,Test Engineer,Female,Caucasian,32,9/21/2019,"$61,243 ",0%,
E02650,Jonathan Torres,Analyst,Male,Latino,56,4/12/2002,"$48,896 ",0%,3/14/2017
E02651,Samuel Xu,Quality Engineer,Male,Asian,32,9/20/2019,"$82,887 ",0%,1/17/2020
E02652,Ezekiel Lai,Analyst,Male,Asian,45,11/26/2005,"$54,742 ",0%,
E02653,Levi Rahman,Sr. Manager,Male,Asian,43,7/19/2007,"$134,544 ",13%,
E02654,Madison Phan,Manager,Female,Asian,45,5/10/2003,"$128,115 ",6%,
E02655,Andrew Pham,Analyst,Male,Asian,38,6/29/2013,"$54,713 ",0%,
E02656,Clara Ford,Analyst II,Female,Caucasian,46,8/9/2014,"$63,987 ",0%,
E02657,Christopher Chau,IT Systems Architect,Male,Asian,26,12/28/2021,"$86,288 ",0%,
E02658,Madeline Guerrero,Quality Engineer,Female,Latino,27,8/16/2020,"$61,693 ",0%,11/23/2020
E02659,Harper Yee,System Administrator ,Female,Asian,48,11/1/2021,"$75,624 ",0%,
E02660,Mia Thomas,Manager,Female,Caucasian,57,5/17/2013,"$122,979 ",6%,
E02661,Owen Nelson,Engineering Manager,Male,Caucasian,58,1/6/2003,"$91,729 ",13%,
E02662,Aiden Evans,Manager,Male,Caucasian,48,5/16/2010,"$117,736 ",5%,
E02663,Josiah Lai,Sr. Manager,Male,Asian,54,3/21/1995,"$154,658 ",12%,
E02664,Jameson Yee,Enterprise Architect,Male,Asian,29,8/3/2020,"$84,397 ",0%,
E02665,Serenity Her,Director,Female,Asian,50,8/22/1997,"$159,285 ",15%,
E02666,Ariana Turner,Analyst II,Female,Caucasian,49,6/6/2004,"$59,854 ",0%,
E02667,Jacob Cooper,Solutions Architect,Male,Caucasian,64,5/18/2018,"$87,521 ",0%,6/10/2021
E02668,Christopher Dominguez,Director,Male,Latino,36,9/17/2015,"$179,166 ",17%,
E02669,Nevaeh Lim,Controls Engineer,Female,Asian,55,3/29/1999,"$120,092 ",0%,
E02670,Dominic Cheng,Director,Male,Asian,53,6/19/2015,"$168,142 ",27%,
E02671,Serenity Rodriguez,Director,Female,Latino,54,4/10/1995,"$195,662 ",15%,
E02672,Caleb Thompson,Systems Analyst,Male,Caucasian,41,12/17/2012,"$49,986 ",0%,
E02673,Luke Avila,Vice President,Male,Latino,27,8/21/2020,"$181,587 ",38%,
E02674,Sadie Chin,Vice President,Female,Asian,51,7/26/2000,"$199,736 ",35%,
E02675,Everett Le,Vice President,Male,Asian,45,1/7/2014,"$250,639 ",34%,
E02676,Carson Santos,Sr. Account Representative,Male,Latino,34,2/15/2022,"$80,655 ",0%,
E02677,Natalie Ho,Analyst II,Female,Asian,33,11/22/2020,"$64,327 ",0%,
E02678,Natalia Hall,Analyst II,Female,Caucasian,37,11/8/2018,"$72,005 ",0%,7/27/2021
E02679,Zoey Ahmed,Quality Engineer,Female,Asian,56,4/25/2012,"$62,497 ",0%,
E02680,Santiago f Turner,Sr. Account Representative,Male,Caucasian,46,2/24/2003,"$74,912 ",0%,
E02681,Jacob Alexander,Business Partner,Male,Caucasian,45,3/19/2001,"$50,393 ",0%,6/17/2011
E02682,Christopher Aguilar,Enterprise Architect,Male,Latino,32,5/14/2021,"$79,670 ",0%,
E02683,Vivian Jackson,Sr. Manager,Female,Black,51,2/23/1999,"$148,942 ",13%,7/16/2007
E02684,Leonardo Jenkins,Service Desk Analyst,Male,Caucasian,29,4/9/2018,"$98,504 ",0%,7/12/2022
E02685,Oliver Hunter,Service Desk Analyst,Male,Caucasian,38,12/20/2015,"$70,588 ",0%,
E02686,Ayla Brooks,Analyst,Female,Caucasian,58,11/21/2001,"$58,336 ",0%,
E02687,Willow Chau,Development Engineer,Female,Asian,45,9/9/2011,"$86,001 ",0%,
E02688,Kai Shin,Sr. Analyst,Male,Asian,49,9/13/2015,"$91,121 ",0%,12/23/2019
E02689,Liliana Zhao,Director,Female,Asian,50,8/30/2011,"$183,308 ",24%,
E02690,Aiden Carter,Network Architect,Male,Caucasian,32,3/5/2021,"$71,674 ",0%,6/17/2021
E02691,Christopher Song,Automation Engineer,Male,Asian,29,1/3/2017,"$118,639 ",0%,
E02692,Charles Luu,Enterprise Architect,Male,Asian,34,11/10/2018,"$71,808 ",0%,
E02693,Kayden Dinh,Sr. Manager,Male,Asian,50,5/26/2019,"$156,374 ",15%,
E02694,Valentina Zhang,Systems Analyst,Female,Asian,27,3/10/2021,"$51,133 ",0%,
E02695,Alexander Perez,Quality Engineer,Male,Latino,60,6/25/2008,"$86,761 ",0%,
E02696,Everleigh Kumar,Manager,Female,Asian,65,7/5/1994,"$125,213 ",7%,
E02697,Santiago f Xiong,Manager,Male,Asian,43,9/26/2008,"$120,305 ",7%,
E02698,Elizabeth Powell,Sr. Manager,Female,Caucasian,45,9/17/2013,"$138,355 ",14%,
E02699,Lucas Yang,Network Engineer,Male,Asian,28,7/4/2021,"$70,996 ",0%,
E02700,John Richardson,Computer Systems Manager,Male,Caucasian,34,12/29/2014,"$77,024 ",9%,10/23/2021
E02701,Miles Ross,IT Coordinator,Male,Black,31,4/18/2017,"$50,022 ",0%,
E02702,Jonathan Santos,Vice President,Male,Latino,29,1/6/2017,"$204,534 ",38%,
E02703,Joshua Maldonado,Sr. Account Representative,Male,Latino,49,12/22/2005,"$75,814 ",0%,
E02704,Santiago f Vo,Director,Male,Asian,47,7/15/2019,"$169,487 ",23%,
E02705,Leilani Martin,Sr. Manager,Female,Caucasian,56,5/6/2002,"$156,435 ",10%,
E02706,Luca Xiong,Account Representative,Male,Asian,52,12/20/2006,"$59,845 ",0%,
E02707,Valentina Campos,System Administrator ,Female,Latino,37,3/6/2020,"$93,656 ",0%,
E02708,Grayson Jenkins,Test Engineer,Male,Caucasian,55,3/6/1998,"$99,035 ",0%,
E02709,Jeremiah Ross,Sr. Manager,Male,Caucasian,27,6/17/2021,"$137,997 ",12%,
E02710,Natalie Zheng,Network Engineer,Female,Asian,28,6/21/2019,"$61,573 ",0%,
E02711,Jace Mehta,Analyst,Male,Asian,55,5/6/2015,"$41,102 ",0%,
E02712,Hannah Doan,Manager,Female,Asian,44,9/16/2011,"$129,866 ",6%,
E02713,Caroline Robinson,Director,Female,Caucasian,28,1/22/2020,"$161,868 ",21%,
E02714,Naomi Ma,Field Engineer,Female,Asian,55,5/16/1995,"$67,131 ",0%,
E02715,Adam Davis,Quality Engineer,Male,Black,44,10/15/2019,"$71,345 ",0%,
E02716,Ellie Ho,Vice President,Female,Asian,30,10/9/2019,"$246,757 ",40%,
E02717,Mila Liang,Manager,Female,Asian,63,3/28/2005,"$106,880 ",8%,
E02718,Nova Doan,IT Systems Architect,Female,Asian,36,8/28/2018,"$98,733 ",0%,
E02719,Colton Mejia,Sr. Manager,Male,Latino,28,4/26/2019,"$141,675 ",12%,9/24/2020
E02720,Joseph Kim,Analyst II,Male,Asian,28,6/23/2018,"$53,210 ",0%,
E02721,Audrey Campos,Manager,Female,Latino,27,9/2/2021,"$107,114 ",10%,
E02722,Vivian Brooks,Business Partner,Female,Black,34,9/12/2022,"$57,483 ",0%,11/18/2022
E02723,Mateo Vargas,Network Architect,Male,Latino,53,4/20/1994,"$75,226 ",0%,
E02724,David Foster,Controls Engineer,Male,Caucasian,50,1/15/2012,"$87,727 ",0%,
E02725,Isaiah Ramos,Solutions Architect,Male,Latino,51,6/21/2018,"$87,897 ",0%,
E02726,Samantha Do,IT Systems Architect,Female,Asian,27,11/19/2021,"$99,612 ",0%,
E02727,Emery Fernandez,Analyst,Female,Latino,33,3/27/2019,"$56,938 ",0%,
E02728,Santiago f Brooks,Sr. Business Partner,Male,Caucasian,46,1/20/2012,"$92,247 ",0%,
E02729,Aubrey Lin,Vice President,Female,Asian,51,10/17/2005,"$193,672 ",36%,
E02730,Jace Hsu,Systems Analyst,Male,Asian,31,10/6/2018,"$46,098 ",0%,
E02731,Nicholas Sanders,Vice President,Male,Caucasian,45,11/23/2014,"$239,980 ",31%,
E02732,Joshua Sun,Manager,Male,Asian,38,7/13/2011,"$121,546 ",10%,
E02733,Riley Ayala,Manager,Female,Latino,42,2/20/2010,"$128,714 ",7%,
E02734,Isaac Santos,Development Engineer,Male,Latino,43,9/13/2018,"$91,537 ",0%,
E02735,Logan Brooks,Director,Male,Caucasian,28,5/7/2020,"$178,300 ",24%,1/25/2023
E02736,Leilani Hu,Analyst II,Female,Asian,57,5/21/2018,"$50,260 ",0%,
E02737,Jace Cho,Director,Male,Asian,33,8/6/2016,"$161,800 ",19%,
E02738,Jaxson Fong,Sr. Manager,Male,Asian,32,10/9/2020,"$157,616 ",10%,
E02739,Wyatt Ly,Quality Engineer,Male,Asian,45,12/19/2008,"$82,697 ",0%,
E02740,Mia Huang,Sr. Manager,Female,Asian,33,9/21/2018,"$124,404 ",12%,
E02741,Levi Her,Sr. Manager,Male,Asian,43,3/30/2012,"$158,750 ",12%,
E02742,Everleigh Phillips,Analyst II,Female,Caucasian,62,11/8/2015,"$69,057 ",0%,
E02743,Natalie Acosta,Sr. Manager,Female,Latino,36,1/8/2019,"$157,976 ",10%,
E02744,Hadley Chavez,Analyst,Female,Latino,36,6/28/2020,"$54,355 ",0%,
E02745,Hailey Liu,Field Engineer,Female,Asian,31,7/9/2022,"$72,475 ",0%,
E02746,Nicholas Jiang,Engineering Manager,Male,Asian,62,12/13/2003,"$80,132 ",14%,
E02747,Gabriel Xu,Analyst,Male,Asian,30,10/13/2018,"$52,292 ",0%,
E02748,Sophia Collins,Cloud Infrastructure Architect,Female,Caucasian,46,1/8/2022,"$69,110 ",0%,
E02749,Evelyn Vasquez,Technical Architect,Female,Latino,38,2/24/2013,"$68,676 ",0%,
E02750,Paisley Baker,Test Engineer,Female,Caucasian,58,12/23/2002,"$86,094 ",0%,
E02751,Eloise Griffin,Enterprise Architect,Female,Caucasian,27,5/6/2022,"$77,607 ",0%,
E02752,Samuel Cruz,Sr. Manager,Male,Latino,61,4/30/1993,"$157,672 ",11%,
E02753,Gabriel Cheung,Analyst,Male,Asian,64,11/29/2016,"$43,785 ",0%,6/26/2018
E02754,Kai Green,System Administrator ,Male,Caucasian,65,6/15/2015,"$75,439 ",0%,
E02755,Julia Moore,Sr. Manager,Female,Caucasian,37,11/18/2021,"$139,987 ",13%,
E02756,Roman Mendoza,Vice President,Male,Latino,54,9/4/1994,"$257,489 ",34%,
E02757,Levi Rahman,System Administrator ,Male,Asian,54,1/30/2009,"$91,639 ",0%,
E02758,Sadie Pham,Analyst II,Female,Asian,26,12/25/2022,"$66,563 ",0%,1/25/2023
E02759,Chloe Contreras,Vice President,Female,Latino,29,2/10/2021,"$235,047 ",36%,
E02760,Owen Ford,Vice President,Male,Caucasian,37,2/10/2015,"$214,782 ",32%,
E02761,Audrey Powell,Director,Female,Black,37,5/1/2011,"$180,544 ",27%,
E02762,Greyson Munoz,Sr. Manager,Male,Latino,62,6/23/2000,"$158,614 ",14%,
E02763,Isaiah Vang,Quality Engineer,Male,Asian,53,11/30/1998,"$63,187 ",0%,
E02764,Lincoln Alvarado,Sr. Analyst,Male,Latino,65,12/8/2004,"$93,857 ",0%,
E02765,Carter Sandoval,Vice President,Male,Latino,36,3/11/2021,"$253,741 ",34%,
E02766,Julia Jimenez,Sr. Analyst,Female,Latino,46,11/17/2010,"$92,833 ",0%,
E02767,Savannah Cortez,Service Desk Analyst,Female,Latino,55,12/15/2018,"$95,400 ",0%,
E02768,Everly Brown,Quality Engineer,Female,Black,63,10/4/2013,"$88,230 ",0%,
E02769,Charlotte Pham,Field Engineer,Female,Asian,54,2/25/2003,"$62,179 ",0%,
E02770,Iris Bailey,IT Coordinator,Female,Caucasian,26,2/18/2020,"$42,343 ",0%,6/2/2020
E02771,Logan Daniels,Sr. Analyst,Male,Caucasian,26,5/7/2022,"$70,275 ",0%,
E02772,Autumn Molina,Analyst II,Female,Latino,34,4/8/2012,"$51,448 ",0%,
E02773,Emma Mehta,Vice President,Female,Asian,48,4/9/2009,"$185,363 ",33%,
E02774,Julian Joseph,Enterprise Architect,Male,Caucasian,52,9/20/2018,"$60,784 ",0%,
E02775,Eleanor Munoz,Analyst,Female,Latino,45,4/7/2004,"$45,323 ",0%,
E02776,Caroline Sandoval,Manager,Female,Latino,51,9/10/2012,"$129,727 ",8%,10/7/2021
E02777,Eliza Zhu,Account Representative,Female,Asian,43,9/30/2006,"$63,229 ",0%,
E02778,Greyson Moore,Director,Male,Caucasian,54,2/12/2004,"$194,221 ",16%,
E02779,Lyla Clark,Sr. Analyst,Female,Caucasian,54,12/12/2018,"$78,020 ",0%,
E02780,Samuel Patterson,Vice President,Male,Caucasian,25,10/7/2022,"$197,331 ",33%,
E02781,Robert Padilla,Analyst II,Male,Latino,65,2/16/1998,"$63,346 ",0%,
E02782,Landon Munoz,Controls Engineer,Male,Latino,40,7/11/2014,"$105,574 ",0%,
E02783,Josiah Yi,Operations Engineer,Male,Asian,31,4/12/2015,"$101,941 ",0%,
E02784,Owen Scott,Solutions Architect,Male,Black,45,7/17/2005,"$74,777 ",0%,
E02785,Matthew Parker,Analyst,Male,Caucasian,40,9/15/2021,"$59,447 ",0%,
E02786,Daniel Huynh,Manager,Male,Asian,25,12/8/2021,"$105,072 ",6%,
E02787,Matthew Vargas,Sr. Manager,,Latino,53,5/24/1999,"$150,893 ",13%,
E02788,Ella Herrera,Director,,Latino,49,2/8/2013,"$156,276 ",22%,
E02789,Everly Hwang,,Female,Asian,31,10/27/2022,"$191,755 ",40%,
E02790,,Network Engineer,Female,Caucasian,33,11/4/2020,"$81,070 ",0%,
E02791,Ian Hernandez,,Male,Latino,40,12/1/2021,"$176,533 ",25%,
E02792,Charlotte Lam,Service Desk Analyst,Female,Asian,29,8/26/2020,"$60,919 ",0%,
E02793,Jonathan Ali,Automation Engineer,Male,Asian,51,,,0%,
E02794,Violet He,Analyst,,Asian,31,11/19/2021,,,
E02795,Hannah Truong,Sr. Analyst,Female,Asian,44,3/25/2009,,0%,
E02796,Hannah Nelson,Account Representative,Female,Caucasian,38,,,0%,
E02797,Autumn Kaur,,Female,Asian,,,"$129,172 ",,
E02798,,Analyst,Female,Asian,49,2/11/2021,"$50,012 ",,
E02799,,,Female,Asian,44,,"$122,441 ",,
E02800,Jameson Salazar,Controls Engineer,,Latino,45,,"$85,822 ",0%,
E02801,Luke Luna,Analyst,Male,Latino,58,5/21/2007,,0%,
E02802,Hunter Moua,Sr. Analyst,Male,Asian,29,11/29/2019,"$72,620 ",0%,
E02803,Athena Aguilar,Analyst II,Female,Latino,25,8/24/2021,"$71,222 ",0%,
E02804,Ariana Sanders,Director,Female,Caucasian,62,12/26/1994,"$155,332 ",20%,
E02805,Easton Cruz,Manager,,Latino,33,11/21/2016,"$107,202 ",6%,
E02806,Josiah Vega,Manager,Male,Latino,56,12/26/2015,"$121,751 ",8%,
E02807,Isla Chavez,Manager,Female,Latino,45,9/29/2010,"$115,591 ",5%,
E02808,Willow Estrada,Manager,Female,Latino,28,3/11/2021,"$108,601 ",5%,
E02809,Nevaeh Ng,Sr. Manager,,Asian,30,3/18/2019,"$159,823 ",11%,8/29/2022
E02810,Jade Hu,Analyst,Female,Asian,45,12/15/2001,"$53,526 ",0%,
E02811,Henry Vazquez,IT Systems Architect,Male,Latino,33,12/3/2016,"$90,084 ",0%,
E02812,Nathan Jackson,Vice President,Male,Caucasian,41,3/25/2011,"$210,085 ",39%,
E02813,Anthony Lam,Sr. Manager,Male,Asian,33,2/7/2015,"$133,908 ",15%,
E02814,Nevaeh Ali,Manager,Female,Asian,48,3/22/2013,"$100,652 ",7%,
E02815,Mila Vasquez,Vice President,Female,Latino,48,7/26/2013,"$225,725 ",37%,
E02816,Madelyn Henry,Vice President,Female,Caucasian,41,5/10/2007,"$224,989 ",33%,
E02817,Emilia Alexander,Operations Engineer,Female,Caucasian,37,9/11/2022,"$109,680 ",0%,
E02818,Christian Ayala,Sr. Account Representative,Male,Latino,55,9/28/2003,"$74,216 ",0%,
E02819,Willow Xiong,Sr. Manager,Female,Asian,37,5/4/2021,"$151,363 ",12%,
E02820,Avery Valdez,HRIS Analyst,Female,Latino,58,1/29/2000,"$62,686 ",0%,
E02821,Abigail Carter,Director,Female,Black,51,1/12/2015,"$178,218 ",27%,
,Madison Patel,Test Engineer,Female,Asian,37,10/26/2013,"$69,125 ",0%,
E02823,,,Female,Asian,43,1/7/2006,"$161,376 ",24%,
E02824,Kinsley Hill,Account Representative,Female,Caucasian,26,6/16/2022,"$59,436 ",0%,
E02825,Kai Barnes,Account Representative,Male,Caucasian,35,8/24/2016,"$58,733 ",0%,
E02826,Lincoln Cheng,Sr. Analyst,Male,Asian,61,10/14/1997,"$88,681 ",0%,
E02827,Noah Sharma,,Male,Asian,59,2/9/2008,"$186,854 ",30%,
E02828,,Sr. Analyst,Female,Asian,65,7/10/1997,"$96,897 ",0%,
E02829,Ariana Hall,Manager,Female,Caucasian,55,1/17/2005,"$128,954 ",5%,
E02830,,Account Representative,Male,Asian,51,5/22/1999,"$67,418 ",0%,
,,Manager,Male,Caucasian,53,8/10/2014,"$125,545 ",6%,
E02832,Kinsley Gonzalez,,Female,Latino,47,1/27/2000,"$125,641 ",5%,
E02833,Dominic Tang,Manager,Male,Asian,53,12/8/1993,"$100,666 ",10%,
E02834,Colton Le,HRIS Analyst,Male,Asian,38,1/12/2010,"$71,235 ",0%,
E02835,Kai Huang,Sr. Business Partner,,Asian,28,1/15/2021,"$83,235 ",0%,
E02836,Addison Cruz,,Female,,32,9/8/2014,"$42,075 ",0%,
E02837,,Systems Analyst,,Asian,52,10/23/2022,"$55,020 ",0%,
E02838,Maria Barnes,,Female,Caucasian,64,5/13/2003,"$76,506 ",0%,
E02839,Everett Le,,Male,Asian,55,3/3/2007,"$100,051 ",7%,
E02840,Mia Vang,,Female,Asian,38,4/19/2014,"$256,509 ",39%,8/28/2019
E02841,,,Female,Latino,30,2/16/2020,"$76,904 ",0%,
,Parker Desai,Sr. Analyst,Male,Asian,43,11/8/2018,"$87,914 ",0%,
E02843,,Vice President,Male,Asian,40,3/5/2010,"$235,994 ",33%,
E02844,Adam Jordan,,Male,Caucasian,55,3/12/2015,"$79,620 ",0%,
E02845,Leah Stewart,Cloud Infrastructure Architect,Female,Caucasian,36,6/4/2010,"$62,450 ",0%,
E02846,Robert Santos,Sr. Manager,Male,Latino,47,12/29/2000,"$134,612 ",12%,10/26/2015
E02847,Addison Ma,Systems Analyst,Female,Asian,59,5/21/2008,"$46,151 ",0%,
E02848,Clara Collins,Network Engineer,Female,Caucasian,40,3/3/2008,"$63,889 ",0%,10/17/2022
E02849,Stella Castro,Test Engineer,Female,Latino,53,4/17/2009,"$75,060 ",0%,
E02850,Lucy Chin,Director,Female,Asian,50,4/22/2011,"$175,033 ",20%,
E02851,Piper Evans,Computer Systems Manager,Female,Caucasian,52,1/28/2014,"$89,379 ",10%,6/11/2022
E02852,Cora Coleman,Controls Engineer,Female,Black,40,4/9/2011,"$98,594 ",0%,
E02853,Cora Holmes,Vice President,Female,Caucasian,39,10/5/2021,"$224,435 ",33%,
E02854,Leo Figueroa,Technical Architect,Male,Latino,31,1/21/2015,"$63,644 ",0%,
E02855,Allison Wang,Manager,Female,Asian,30,12/16/2018,"$121,234 ",5%,
E02856,Levi Cruz,Sr. Analyst,Male,Latino,47,9/22/2007,"$83,793 ",0%,
E02857,Iris Phillips,Test Engineer,Female,Caucasian,46,11/28/2019,"$99,586 ",0%,
E02858,Madelyn Chavez,Business Partner,Female,Latino,43,9/11/2006,"$59,514 ",0%,
E02859,Caroline Smith,Manager,Female,Caucasian,28,4/27/2020,"$106,043 ",10%,
E02860,Grayson Lai,Solutions Architect,Male,Asian,47,9/12/2005,"$78,985 ",0%,
E02861,Anna Guerrero,,Female,Latino,43,11/24/2012,"$226,122 ",,
E02862,Paisley Bell,,Female,Black,42,1/10/2012,"$110,720 ",,
E02863,Jose Park,,Male,Asian,45,10/11/2009,"$152,519 ",30%,
E02864,Eliza Parker,,,Caucasian,37,3/24/2010,"$80,015 ",,
E02865,Harper Castillo,Vice President,,Latino,46,9/2/2020,"$192,286 ",,8/25/2022
E02866,Melody Yoon,Business Partner,Female,Asian,49,10/15/2014,"$40,352 ",,
E02867,Avery Smith,Sr. Manager,,Caucasian,53,6/27/2008,"$147,813 ",13%,
E02868,Madeline Vu,System Administrator ,Female,,61,6/5/2010,"$96,404 ",0%,
E02869,Aubrey Cheng,Analyst II,Female,Asian,,6/17/2001,"$64,882 ",0%,
E02870,Clara Henderson,Vice President,,Caucasian,58,,"$203,739 ",30%,
E02871,Jace Henderson,Director,Male,Caucasian,34,3/16/2022,,19%,
E02872,Caroline Martin,Computer Systems Manager,Female,Black,54,,,5%,
E02873,Asher Bui,Sr. Account Representative,Male,,,1/27/2009,"$90,881 ",0%,
E02874,Samantha Chau,Network Architect,Female,,28,11/10/2021,"$83,965 ",0%,
E02875,Charles Robinson,Development Engineer,,Black,62,6/30/2006,"$73,500 ",,
E02876,Jonathan Nelson,Director,Male,Caucasian,59,7/2/2022,"$175,137 ",,1/4/2023
E02877,Liliana Simmons,Director,Female,Caucasian,35,6/7/2012,"$161,453 ",,
E02878,Logan Ortega,Analyst II,Male,Latino,31,5/19/2020,"$64,234 ",0%,11/11/2021
E02879,Isaac Jung,,Male,Asian,55,7/12/1994,"$103,726 ",,
E02880,,,Male,Asian,46,12/29/2000,"$114,260 ",,
E02881,Levi Gonzalez,Controls Engineer,Male,Latino,36,4/27/2012,,,
E02882,Santiago f Wang,Sr. Manager,Male,Asian,27,8/9/2021,"$133,267 ",,
E02883,Julia Kim,Account Representative,,Asian,50,12/4/2016,"$50,038 ",0%,
E02884,Noah Allen,Analyst,Male,,27,1/6/2022,"$52,058 ",,
E02885,Colton Adams,Manager,Male,Caucasian,,,,8%,
E02886,Colton Mehta,Analyst,Male,Asian,42,,"$53,829 ",,
E02887,Caroline Gomez,Sr. Account Representative,Female,Latino,65,11/19/1997,,0%,
E02888,Kayden Tang,Sr. Manager,Male,Asian,57,3/11/2012,"$136,723 ",,
E02889,Hadley Parker,Manager,Female,Caucasian,44,1/9/2010,"$129,099 ",6%,
E02890,Elizabeth Estrada,IT Coordinator,Female,Latino,37,12/20/2016,"$59,376 ",0%,
E02891,Sofia Yee,System Administrator ,Female,Asian,52,12/25/2018,"$98,060 ",0%,
E02892,Asher Mendoza,Sr. Manager,Male,Latino,49,2/21/2014,"$152,911 ",10%,
E02893,Jordan Hernandez,Systems Analyst,Male,Latino,47,12/15/2003,"$42,994 ",0%,
E02894,Everleigh Tan,Analyst,Female,Asian,42,3/28/2019,"$59,853 ",0%,
E02895,Joshua Hall,Systems Analyst,Male,Black,61,12/7/2011,"$41,220 ",0%,
E02896,Stella Gupta,Sr. Analyst,Female,Asian,33,2/18/2020,"$97,261 ",0%,
E02897,Levi White,Manager,Male,Black,45,7/19/2018,"$127,363 ",9%,
E02898,Matthew Jackson,Manager,Male,Caucasian,30,10/13/2019,"$111,274 ",6%,
E02899,Dominic Martinez,Computer Systems Manager,Male,Latino,53,4/17/2018,"$90,554 ",7%,
E02900,Aiden Aguilar,Manager,Male,Latino,62,12/12/1997,"$100,226 ",10%,
E02901,Victoria Hu,Field Engineer,Female,Asian,37,4/21/2017,"$93,348 ",0%,
E02902,Eloise Campos,Network Engineer,,Latino,62,6/25/1993,"$78,059 ",0%,7/29/2008
E02903,Emilia Alvarado,Business Partner,,Latino,63,6/29/2001,"$58,480 ",0%,
E02904,Lydia Ahmed,Vice President,,Asian,39,4/24/2017,"$218,052 ",39%,
E02905,Dylan Simmons,Manager,,,52,5/23/2002,,9%,
E02906,Jaxson Chu,Director,,,54,10/10/2010,,,
E02907,Ariana Griffin,Vice President,,,32,3/4/2015,"$241,722 ",,
E02908,Hudson Bailey,Solutions Architect,,,56,3/12/2018,"$91,835 ",0%,
E02909,Colton Grant,Sr. Analyst,,,47,1/7/2011,"$93,910 ",,5/31/2017
E02910,Emery Flores,Sr. Analyst,,,45,11/18/2005,"$86,303 ",,
E02911,Gabriella Wong,Sr. Manager,,,56,5/1/1995,"$122,731 ",,
E02912,Ian Gonzales,Sr. Manager,,,38,12/29/2018,"$147,867 ",12%,
E02913,Jaxon Wright,Manager,,,47,8/30/2004,"$123,790 ",5%,
E02914,Ethan Cruz,Sr. Business Partner,,,51,4/28/2000,"$77,153 ",0%,
E02915,Adrian James,Enterprise Architect,,Caucasian,52,8/15/1994,"$73,779 ",0%,
E02916,Isabella Mejia,Vice President,Female,Latino,56,10/7/2018,"$231,699 ",32%,
E02917,Christopher Miller,Vice President,Male,Black,37,5/16/2009,"$199,512 ",35%,
E02918,Samuel Watson,Network Architect,Male,Caucasian,29,4/9/2022,"$77,557 ",0%,9/12/2022
E02919,Lucy Phan,Sr. Analyst,Female,Asian,59,2/18/2021,"$99,760 ",0%,
E02920,Dominic Thao,Sr. Analyst,Male,Asian,50,9/8/1996,"$96,297 ",0%,
E02921,Jaxon Shin,IT Coordinator,Male,Asian,48,12/27/2010,"$53,593 ",0%,
E02922,Nevaeh Diaz,Director,Female,Latino,44,3/3/2018,"$167,660 ",29%,
E02923,,Analyst,Male,Caucasian,29,7/18/2021,"$43,084 ",0%,
E02924,,Sr. Manager,Male,Caucasian,60,7/9/1996,"$154,707 ",13%,
E02925,,Vice President,Male,Asian,56,3/11/2011,"$184,780 ",38%,
E02926,,Manager,Female,Latino,31,10/19/2015,"$109,925 ",7%,
E02927,,Sr. Manager,Male,Asian,53,3/9/2015,"$151,706 ",11%,
E02928,,Manager,Male,Latino,26,12/19/2022,"$102,066 ",10%,
E02929,,Vice President,Male,Asian,31,5/13/2021,"$234,203 ",36%,
E02930,,Sr. Manager,Male,Latino,48,7/12/2019,"$121,884 ",12%,
E02931,,Vice President,Male,Asian,61,4/20/2014,"$209,680 ",34%,
E02932,,,Female,Caucasian,42,,"$240,940 ",34%,5/3/2016
E02933,,,Female,Caucasian,50,,"$63,884 ",0%,
E02934,,Cloud Infrastructure Architect,Female,Caucasian,46,,,0%,
E02935,Everleigh Castillo,Service Desk Analyst,Female,Latino,50,11/12/2007,,0%,
E02936,Valentina Fernandez,Director,Female,Latino,62,1/23/2012,,20%,
E02937,Serenity Richardson,Director,Female,Caucasian,45,3/14/2019,,18%,
E02938,Cooper Ramirez,Director,Male,Latino,34,2/7/2012,,23%,
E02939,Penelope Avila,Analyst,Female,Latino,35,5/22/2012,,0%,
E02940,David Barnes,IT Systems Architect,Male,Caucasian,41,8/19/2006,"$70,566 ",0%,
E02941,Ivy Luong,Cloud Infrastructure Architect,Female,Asian,56,7/5/1993,"$75,435 ",0%,
E02942,Aurora Bailey,Development Engineer,Female,Caucasian,31,5/23/2020,"$69,108 ",0%,
,Valentina Valdez,Sr. Manager,Female,Latino,40,5/1/2008,"$140,589 ",14%,
,Parker Dinh,Vice President,Male,Asian,51,6/28/2006,"$206,423 ",36%,
,Eliana Hsu,Operations Engineer,Female,Asian,49,6/9/2021,"$123,738 ",0%,
,Logan Parker,HRIS Analyst,Male,Caucasian,34,1/13/2019,"$58,120 ",0%,
E02947,Liliana Green,Network Administrator,Female,Caucasian,48,,"$62,672 ",0%,
E02948,Victoria Vazquez,Test Engineer,Female,,45,,"$92,037 ",0%,
E02949,Kinsley Huynh,Vice President,Female,,53,,"$258,722 ",36%,
E02950,Anna Carrillo,Development Engineer,Female,,55,,"$64,809 ",0%,8/22/2016
E02951,Isla Singh,Quality Engineer,Female,,56,,"$95,577 ",0%,
E02952,Emma Yu,Development Engineer,Female,Asian,41,,"$73,059 ",0%,
E02953,,Analyst,Male,Latino,55,,"$54,641 ",0%,
E02954,,Quality Engineer,Male,Asian,42,5/14/2015,"$93,851 ",0%,
E02955,,Sr. Analyst,Male,Black,30,1/17/2022,"$96,010 ",0%,
E02956,,Network Administrator,Male,Asian,44,3/8/2004,"$73,386 ",0%,
E02957,,Sr. Analyst,Female,Asian,49,10/15/1999,"$95,033 ",0%,2/28/2018
E02958,,Vice President,Female,Latino,43,11/11/2011,"$185,211 ",39%,
E02959,,Manager,Female,Asian,53,4/5/2014,"$125,099 ",8%,
,,Sr. Analyst,Male,Latino,41,5/19/2011,"$84,627 ",0%,
,Brooks Ngo,Vice President,Male,,26,3/2/2020,"$211,114 ",30%,
E02962,Piper Oh,,Female,,57,1/23/1996,"$73,117 ",0%,
E02963,Hunter Molina,,Male,,41,2/20/2018,"$55,330 ",0%,
E02964,Michael Hoang,,,,59,5/4/2017,,17%,
E02965,Eloise Sun,,,,59,6/1/2005,,25%,
E02966,Gianna Jimenez,,,Latino,54,11/26/2015,,0%,
E02967,Ava Chan,Sr. Manager,Female,Asian,44,10/12/2022,,14%,
E02968,Leilani Navarro,,,Latino,55,7/8/2022,,5%,
E02969,Lydia Chu,,,Asian,30,10/3/2021,,,
E02970,Liam Salazar,,,Latino,44,10/25/2020,,,
E02971,Hailey Henderson,Analyst,Female,Caucasian,57,8/13/2008,,,
E02972,Austin Espinoza,,Male,Latino,58,3/17/2006,,,
E02973,Delilah Ng,,,Asian,59,8/20/2008,,,
E02974,Gabriella Han,,,,60,1/22/2000,,,
E02975,Aria Miller,,Female,,32,6/7/2019,"$65,666 ",0%,
,Sofia Dixon,,,Caucasian,41,9/13/2011,,0%,
,Ethan Xiong,,,Asian,39,,,0%,
,Gabriella Cruz,,Female,Latino,39,8/13/2020,,,
E02979,,,Male,Asian,31,9/7/2016,"$118,644 ",13%,
E02980,,Sr. Analyst,Female,Asian,32,10/17/2015,"$79,773 ",0%,
,Colton Bui,,Male,Asian,46,12/20/2018,,13%,
,,Manager,Female,Latino,64,,,,
,,Director,Female,Caucasian,53,,,,
E02984,,,Male,Latino,34,,,,
,Logan Rahman,Manager,Male,Asian,39,,,,
,Henry Rogers,Sr. Account Representative,,Caucasian,25,,"$72,693 ",,
E02987,Delilah Cheng,Solutions Architect,,Asian,45,,"$92,820 ",0%,
E02988,Caroline Rodriguez,Sr. Manager,Female,Latino,61,,"$135,561 ",13%,
E02989,Jack Chin,Sr. Manager,Male,Asian,44,,"$121,788 ",13%,
E02990,Luna Collins,,Female,Black,59,,"$92,216 ",0%,
E02991,John Campos,,Male,Latino,34,,"$104,586 ",0%,
E02992,,Account Representative,Female,Black,45,12/23/2002,"$70,439 ",,
E02993,Miles Liu,Analyst,Male,Asian,35,5/25/2021,"$52,232 ",0%,
E02994,Violet Duong,Vice President,Female,Asian,42,9/22/2014,"$226,646 ",31%,
E02995,Isaac Xiong,Sr. Manager,Male,Asian,38,10/28/2012,"$152,253 ",12%,
E02996,Ian Le,Vice President,Male,Asian,46,8/28/2007,"$195,471 ",36%,
E02997,Melody Delgado,Network Architect,Female,Latino,48,11/28/2012,,0%,
E02998,Eliza Bui,Analyst,Female,,63,6/13/2010,,0%,
E02999,Layla Wu,,Female,Asian,31,8/27/2018,,0%,
E03000,Thomas Lam,,Male,Asian,52,11/18/2022,,,
E03001,Willow Taylor,,Female,Black,27,2/8/2021,"$51,321 ",,
E02002,Kai Le,,Male,Asian,47,2/5/2022,"$92,368 ",0%,
E02003,Robert Patel,,Male,Asian,58,10/23/2013,"$45,703 ",0%,
E02004,Cameron Lo,,Male,Asian,34,3/24/2019,,0%,
E02005,Harper Castillo,,Female,Latino,39,4/7/2018,,0%,
E02006,Harper Dominguez,,Female,Latino,42,6/18/2005,,24%,
E02007,Ezra Vu,,,Asian,62,4/22/2004,,0%,2/14/2014
E02008,Jade Hu,Sr. Analyst,,,58,6/27/2009,,0%,
E02009,Miles Chang,Analyst II,Male,,62,2/19/1999,"$69,674 ",0%,
E02010,Gianna Holmes,System Administrator ,Female,,38,9/9/2011,"$97,630 ",0%,
E02011,Jameson Thomas,Manager,Male,,52,2/5/2015,"$105,879 ",10%,
E02012,Jameson Pena,Systems Analyst,Male,,49,10/12/2003,"$40,499 ",0%,
E02013,Bella Wu,Sr. Analyst,Female,,63,8/3/2014,"$71,418 ",0%,
E02014,Jose Wong,Director,Male,,45,11/15/2017,"$150,558 ",23%,
E02957,Madelyn Yee,Sr. Analyst,Female,,49,10/15/1999,,0%,2/28/2018
E02958,Elena Jimenez,Vice President,Female,,43,11/11/2011,"$185,211 ",39%,
E02959,Sadie Ali,Manager,Female,,53,4/5/2014,"$125,099 ",8%,
E02960,Lucas Sandoval,Sr. Analyst,Male,Latino,41,5/19/2011,"$84,627 ",0%,
E02961,Brooks Ngo,Vice President,Male,Asian,26,3/2/2020,"$211,114 ",30%,
E02962,Piper Oh,Sr. Analyst,Female,Asian,57,1/23/1996,"$73,117 ",,
E02963,Hunter Molina,Analyst,Male,Latino,41,2/20/2018,,0%,
,Adrian James,Enterprise Architect,Male,Caucasian,52,8/15/1994,"$73,779 ",0%,
E02916,,Vice President,Female,Latino,56,,"$231,699 ",32%,
E02917,Christopher Miller,Vice President,Male,Black,37,,"$199,512 ",35%,
,,Network Architect,Male,Caucasian,29,4/9/2022,"$77,557 ",0%,9/12/2022
E02919,,Sr. Analyst,Female,Asian,59,2/18/2021,"$99,760 ",0%,
E02920,Dominic Thao,Sr. Analyst,Male,Asian,50,9/8/1996,"$96,297 ",0%,
E02921,Jaxon Shin,IT Coordinator,Male,Asian,48,12/27/2010,"$53,593 ",0%,
E02922,Nevaeh Diaz,Director,Female,Latino,44,3/3/2018,"$167,660 ",29%,
E02929,Easton Truong,,Male,,31,5/13/2021,"$234,203 ",36%,
E02930,Sebastian Vargas,Sr. Manager,Male,,48,7/12/2019,"$121,884 ",12%,
E02931,Joseph Dang,Vice President,Male,Asian,61,4/20/2014,"$209,680 ",34%,
E02932,Madison White,Vice President,Female,Caucasian,42,7/9/2011,"$240,940 ",34%,5/3/2016
E02933,Valentina Nelson,Network Administrator,Female,Caucasian,50,12/16/2013,"$63,884 ",0%,
E02934,Everleigh Coleman,Cloud Infrastructure Architect,Female,Caucasian,46,3/20/2012,,0%,
E02935,Everleigh Castillo,Service Desk Analyst,Female,Latino,50,11/12/2007,"$67,756 ",0%,
E02936,Valentina Fernandez,Director,Female,Latino,62,1/23/2012,"$180,256 ",20%,
E02937,Serenity Richardson,Director,Female,Caucasian,45,3/14/2019,"$183,165 ",18%,
E02938,Cooper Ramirez,,Male,Latino,34,2/7/2012,"$195,194 ",23%,
E02877,Liliana Simmons,,Female,Caucasian,35,6/7/2012,"$161,453 ",,
E02878,Logan Ortega,Analyst II,Male,Latino,31,5/19/2020,"$64,234 ",0%,11/11/2021
E02879,Isaac Jung,Manager,Male,Asian,55,7/12/1994,"$103,726 ",8%,
E02880,Christopher Desai,Automation Engineer,Male,Asian,46,12/29/2000,"$114,260 ",0%,
E02881,Levi Gonzalez,Controls Engineer,Male,Latino,36,4/27/2012,"$116,168 ",0%,
E02882,Santiago f Wang,Sr. Manager,Male,Asian,27,8/9/2021,"$133,267 ",12%,
E02252,Olivia Vazquez,Network Engineer,Female,Latino,53,4/13/2020,"$93,053 ",0%,
E02253,Leilani Ng,Systems Analyst,Female,Asian,48,9/19/2011,"$50,513 ",0%,10/30/2019
E02254,Olivia Mendoza,Sr. Account Representative,Female,Latino,43,5/7/2017,"$86,533 ",0%,
E02255,Skylar Xu,Test Engineer,Female,Asian,60,10/16/1997,"$72,806 ",0%,
E02256,Eloise Williams,Vice President,Female,Black,42,2/12/2019,"$258,115 ",36%,
E02257,Jackson Maldonado,Cloud Infrastructure Architect,Male,Latino,52,5/1/2008,"$63,444 ",0%,
E02258,Christian Harris,Engineering Manager,Male,Caucasian,50,2/21/1999,"$96,099 ",11%,
E02259,Penelope Santos,IT Systems Architect,Female,Latino,37,3/1/2009,"$92,849 ",0%,
E02260,Nicholas Zhou,Sr. Account Representative,Male,Asian,58,10/28/2014,"$85,094 ",0%,
E02261,Ayla Garza,Sr. Manager,Female,Latino,39,6/15/2017,"$156,224 ",14%,
E02262,Carson Mai,Vice President,Male,Asian,50,4/15/1996,,36%,5/16/1996
E02263,Luna Lu,Analyst II,Female,Asian,51,3/6/2007,"$50,214 ",0%,
E02264,Anthony Ho,Sr. Analyst,Male,Asian,31,1/11/2015,"$79,713 ",0%,
E02265,Clara Lopez,Director,Female,Latino,52,8/9/1999,"$166,699 ",27%,
E02189,Grayson Hwang,Sr. Analyst,Male,Asian,42,4/23/2013,"$91,689 ",0%,
E02190,Ezra Tan,Sr. Manager,Male,Asian,49,12/22/1999,"$158,028 ",12%,
E02191,David Ha,Sr. Account Representative,Male,Asian,33,7/27/2022,"$89,759 ",0%,
E02192,Lillian Vang,Technical Architect,Female,Asian,39,9/13/2015,"$78,640 ",0%,
E02193,Sofia Zhang,Analyst,Female,Asian,51,1/11/2005,"$55,368 ",0%,
E02194,Athena Daniels,Network Administrator,Female,Caucasian,49,5/23/2021,"$78,164 ",0%,
E02195,Jameson Shin,Sr. Analyst,Male,Asian,30,5/14/2020,"$76,014 ",0%,
E02196,Everly Avila,Account Representative,Female,Latino,41,11/13/2015,"$61,403 ",0%,
E02197,Liam Nelson,Technical Architect,Male,Black,58,12/17/2010,"$80,720 ",0%,
E02567,Caleb Rojas,Analyst II,Male,Latino,38,12/4/2021,"$68,281 ",0%,3/9/2022
E02568,Elizabeth Griffin,Cloud Infrastructure Architect,Female,Caucasian,60,9/10/1993,"$63,979 ",0%,
E02569,Nolan Han,Business Partner,Male,Asian,29,11/19/2017,"$53,090 ",0%,
E02570,Cameron Romero,Manager,Male,Latino,49,9/15/1997,"$108,325 ",10%,
E02571,Angel Patterson,Sr. Analyst,Male,Black,45,1/7/2018,"$98,289 ",0%,
E02572,Ryan Foster,IT Coordinator,Male,Caucasian,44,2/22/2004,"$41,275 ",0%,6/14/2007
E02573,Leonardo Patterson,Sr. Analyst,Male,Caucasian,46,2/6/2012,"$93,642 ",0%,
E02574,William Song,Director,Male,Asian,36,10/25/2010,"$162,957 ",18%,
E02575,Axel Aguilar,Sr. Analyst,Male,Latino,45,4/10/2022,"$96,029 ",0%,
E02576,Liam Valdez,Vice President,Male,Latino,55,3/1/1999,"$227,148 ",33%,
E02491,Piper Cruz,Director,Female,Latino,61,4/13/2013,"$195,636 ",21%,
E02492,Jaxson Jackson,Enterprise Architect,Male,Caucasian,53,3/1/1997,"$63,165 ",0%,
E02493,Serenity Mehta,Analyst,Female,Asian,51,7/21/1998,,0%,
E02494,Peyton Gomez,Analyst,Female,Latino,56,1/14/2020,,0%,
E02495,Ethan Vargas,Director,Male,Latino,38,10/9/2018,,30%,
E02496,Serenity Morris,Manager,Female,Caucasian,41,4/12/2008,,5%,
E02497,Vivian Chan,Sr. Analyst,Female,Asian,61,5/12/1997,,0%,3/29/2021
E02498,Lincoln Singh,Analyst,Male,Asian,33,1/9/2021,,0%,
E02499,Ayla Lim,Director,Female,Asian,41,9/5/2021,,23%,
E02500,Leilani Hong,System Administrator ,Female,Asian,36,12/20/2013,"$79,876 ",0%,2/2/2023
E02501,Victoria Doan,Manager,Female,Asian,42,3/6/2018,"$112,593 ",5%,
E02502,Naomi Wright,System Administrator ,Female,Caucasian,36,11/3/2016,"$99,249 ",0%,
E02503,Scarlett Howard,Manager,Female,Caucasian,55,8/12/2012,"$117,421 ",5%,8/28/2017
E02504,Victoria Vo,Field Engineer,Female,,,12/18/2017,"$82,241 ",0%,
E02505,Oliver Fernandez,Manager,,,31,,"$125,664 ",5%,
E02348,Samantha Ford,Technical Architect,Female,,25,,"$86,075 ",0%,
E02349,Thomas Silva,Analyst,Male,Latino,45,8/13/2015,"$52,798 ",0%,1/30/2018
E02350,Charlotte Park,Network Architect,Female,Asian,63,12/17/2020,,0%,
E02351,Liam Jimenez,Sr. Analyst,Male,Latino,52,8/11/2002,"$95,682 ",0%,5/17/2012
E02352,Ivy Liu,Analyst II,Female,Asian,59,5/29/1993,"$55,476 ",0%,
E02353,Jayden Dixon,Vice President,,Caucasian,30,1/14/2018,"$197,792 ",34%,
E02354,Nevaeh Butler,Field Engineer,Female,Caucasian,55,7/10/2009,"$82,271 ",0%,
E02355,Leonardo Li,Sr. Manager,Male,Asian,65,4/23/2009,"$155,716 ",12%,
E02356,Kinsley Woods,HRIS Analyst,Female,Caucasian,34,6/19/2014,"$71,699 ",0%,
E02357,Abigail Chu,Sr. Manager,Female,Asian,51,4/17/2006,"$147,436 ",11%,
E02358,Ava Xiong,Sr. Business Partner,Female,Asian,52,7/21/2019,"$88,220 ",0%,
E02359,Olivia Marquez,Account Representative,Female,Latino,44,4/6/2020,"$54,295 ",0%,
E02202,Charles Ramos,Sr. Analyst,Male,Latino,57,4/4/2010,"$74,597 ",0%,1/30/2016
E02203,Ellie Wilson,Director,Female,Caucasian,65,8/31/1996,"$164,102 ",30%,
E02204,Peyton Powell,System Administrator ,Female,Caucasian,44,2/16/2003,"$74,431 ",0%,
E02205,Hailey Rojas,Analyst,Female,Latino,52,7/15/2014,"$43,378 ",0%,
E02206,Kai Singh,Analyst,Male,Asian,52,4/19/2001,"$47,587 ",0%,
E02207,Ryan Rivera,Director,Male,Latino,53,11/29/2001,"$179,983 ",16%,
E02208,Everett Lu,Manager,Male,Asian,31,11/28/2021,"$115,565 ",6%,
E02209,Layla Nunez,Manager,Female,Latino,63,9/10/2017,"$126,064 ",5%,
E02210,Liliana Collins,Sr. Manager,Female,Black,,1/18/2013,"$151,666 ",13%,6/30/2018
E02211,Ezekiel Jenkins,Service Desk Analyst,Male,Caucasian,63,4/11/2000,,0%,
E02212,Christopher Wang,Cloud Infrastructure Architect,Male,Asian,27,8/23/2020,"$71,502 ",0%,
E02213,Savannah Rodriguez,Director,Female,Latino,30,11/18/2022,,24%,
E02214,Lyla Turner,Sr. Manager,Female,Caucasian,51,11/7/2003,,12%,
E02215,Adrian Ngo,Enterprise Architect,Male,Asian,58,9/19/2021,"$85,716 ",0%,
E02216,Aria Juarez,Director,,Latino,62,7/30/2011,,24%,
E02217,Audrey Ramos,,Female,Latino,27,12/9/2021,,30%,
E02499,Ayla Lim,,Female,Asian,41,9/5/2021,"$192,266 ",23%,
E02500,Leilani Hong,,Female,Asian,36,12/20/2013,"$79,876 ",0%,2/2/2023
E02501,Victoria Doan,,Female,Asian,42,3/6/2018,"$112,593 ",,
E02502,Naomi Wright,,Female,Caucasian,36,11/3/2016,,0%,
E02503,Scarlett Howard,Manager,Female,Caucasian,55,8/12/2012,,5%,8/28/2017
E02504,Victoria Vo,Field Engineer,Female,Asian,44,12/18/2017,,,
E02505,Oliver Fernandez,Manager,,Latino,31,5/15/2022,,5%,
E02256,Eloise Williams,Vice President,,Black,42,2/12/2019,,,
E02257,Jackson Maldonado,Cloud Infrastructure Architect,Male,Latino,52,5/1/2008,,0%,
E02258,Christian Harris,Engineering Manager,,Caucasian,50,,"$96,099 ",11%,
E02259,Penelope Santos,IT Systems Architect,Female,Latino,37,3/1/2009,,0%,
E02260,Nicholas Zhou,Sr. Account Representative,Male,Asian,58,10/28/2014,"$85,094 ",,
E02863,Jose Park,Director,,Asian,45,10/11/2009,,,
E02864,Eliza Parker,Development Engineer,Female,Caucasian,37,3/24/2010,,,
E02865,Harper Castillo,Vice President,Female,Latino,46,9/2/2020,,,
E02866,Melody Yoon,Business Partner,Female,Asian,49,10/15/2014,"$52,292 ",0%,
E02867,Avery Smith,Sr. Manager,Female,Caucasian,53,6/27/2008,"$69,110 ",0%,
E02749,Evelyn Vasquez,Technical Architect,Female,Latino,38,2/24/2013,"$68,676 ",0%,
E02750,Paisley Baker,Test Engineer,Female,Caucasian,58,12/23/2002,"$86,094 ",0%,
E02751,Eloise Griffin,Enterprise Architect,Female,Caucasian,27,5/6/2022,"$77,607 ",0%,
E02480,Santiago f Banks,Sr. Manager,Male,Caucasian,44,8/16/2019,"$151,481 ",11%,
E02481,Caroline Wong,Analyst,Female,Asian,37,3/8/2017,"$40,508 ",0%,
E02482,Quinn Ho,Vice President,Female,Asian,45,7/20/2002,"$200,481 ",30%,
E02483,Caroline Nunez,Vice President,Female,Latino,65,12/20/2002,"$224,872 ",39%,
E02484,Carson Brown,Sr. Manager,Male,Black,65,11/5/2007,"$149,474 ",14%,
E02485,Olivia Maldonado,Test Engineer,Female,Latino,63,2/18/2002,"$86,820 ",0%,
E02486,Emilia Chung,Director,Female,Asian,55,11/8/1994,"$184,078 ",28%,
E02487,Leilani Shin,Analyst,Female,Asian,58,12/18/2013,"$55,174 ",0%,
E02488,Abigail Zhu,Director,Female,Asian,31,1/17/2022,"$152,474 ",27%,
E02489,Autumn Xiong,Network Administrator,Female,Asian,28,2/13/2020,"$75,172 ",0%,
E02490,Hailey Cruz,Business Partner,Female,Latino,50,8/10/2008,"$56,002 ",0%,
E02491,Piper Cruz,Director,Female,Latino,61,4/13/2013,"$195,636 ",21%,
E02492,Jaxson Jackson,Enterprise Architect,Male,Caucasian,53,3/1/1997,"$63,165 ",0%,
E02493,Serenity Mehta,Analyst,Female,Asian,51,7/21/1998,"$57,277 ",0%,
E02494,Peyton Gomez,Analyst,Female,Latino,56,1/14/2020,"$42,950 ",0%,
E02495,Ethan Vargas,Director,Male,Latino,38,10/9/2018,"$168,410 ",30%,
E02496,Serenity Morris,Manager,Female,Caucasian,41,4/12/2008,"$114,588 ",5%,
E02274,Hunter Yi,Automation Engineer,Male,Asian,55,5/10/2015,"$121,976 ",0%,
E02275,Valentina Oh,Sr. Manager,Female,Asian,32,7/12/2022,"$126,464 ",15%,
E02276,Kinsley Tran,Vice President,Female,Asian,53,9/5/2005,"$234,064 ",33%,
E02277,Christian Hong,Sr. Analyst,Male,Asian,59,1/16/2008,"$81,829 ",0%,
E02278,Amelia Mehta,Director,Female,Asian,26,4/21/2022,"$193,971 ",22%,
E02279,Axel Leung,Business Partner,Male,Asian,55,8/17/2001,"$47,696 ",0%,
E02280,Lucas Lam,Manager,Male,Asian,34,7/17/2013,"$116,676 ",10%,
E02281,Jose Thompson,Manager,Male,Caucasian,45,4/5/2012,"$104,162 ",9%,
E02282,Wesley Duong,Sr. Business Partner,Male,Asian,29,4/14/2022,"$86,226 ",0%,
E02283,Adeline Maldonado,Director,Female,Latino,45,5/30/2011,"$172,206 ",29%,
E02284,Elias Diaz,HRIS Analyst,Male,Latino,34,4/6/2012,"$55,985 ",0%,
E02285,Wyatt Aguilar,Technical Architect,Male,Latino,26,6/6/2021,"$61,481 ",0%,
E02286,Josephine Espinoza,Manager,Female,Latino,30,11/26/2017,"$124,295 ",7%,
E02287,Adeline Lai,Sr. Manager,Female,Asian,55,2/8/1999,"$132,894 ",15%,
E02288,Christopher Vu,Computer Systems Manager,Male,Asian,47,3/16/2002,"$88,839 ",5%,
E02289,Kai Vega,Automation Engineer,Male,Latino,51,6/16/2005,"$78,107 ",0%,
E02002,Kai Le,Controls Engineer,Male,Asian,47,2/5/2022,"$92,368 ",0%,
E02003,Robert Patel,Analyst,Male,Asian,58,10/23/2013,"$45,703 ",0%,
E02004,Cameron Lo,Network Administrator,Male,Asian,34,3/24/2019,"$83,576 ",0%,
E02005,Harper Castillo,IT Systems Architect,Female,Latino,39,4/7/2018,"$98,062 ",0%,
E02006,Harper Dominguez,Director,Female,Latino,42,6/18/2005,"$175,391 ",24%,
E02007,Ezra Vu,Network Administrator,Male,Asian,62,4/22/2004,"$66,227 ",0%,
E02008,Jade Hu,Sr. Analyst,Female,Asian,58,6/27/2009,"$89,744 ",0%,
E02009,Miles Chang,Analyst II,Male,Asian,62,2/19/1999,"$69,674 ",0%,
E02010,Gianna Holmes,System Administrator ,Female,Caucasian,38,9/9/2011,"$97,630 ",0%,
E02011,Jameson Thomas,Manager,Male,Caucasian,52,2/5/2015,"$105,879 ",10%,
E02012,Jameson Pena,Systems Analyst,Male,Latino,49,10/12/2003,"$40,499 ",0%,
E02013,Bella Wu,Sr. Analyst,Female,Asian,63,8/3/2014,"$71,418 ",0%,
E02014,Jose Wong,Director,Male,Asian,45,11/15/2017,"$150,558 ",23%,
E02015,Lucas Richardson,Manager,Male,Caucasian,36,7/22/2018,"$118,912 ",8%,
E02016,Jacob Moore,Sr. Manager,Male,Black,42,3/24/2021,"$131,422 ",15%,
E02017,Luna Lu,IT Systems Architect,Female,Asian,62,7/26/1997,"$64,208 ",0%,
E02018,Bella Tran,Vice President,Female,Asian,45,8/5/2010,"$254,486 ",33%,
E02019,Ivy Chau,Analyst,Female,Asian,61,3/3/2019,"$54,811 ",0%,
E02020,Jordan Kumar,Service Desk Analyst,Male,Asian,29,11/11/2017,"$95,729 ",0%,
E02021,Sophia Gutierrez,Manager,Female,Latino,63,2/8/2009,"$102,649 ",6%,
E02022,Eli Dang,Sr. Manager,Male,Asian,45,11/16/2015,"$122,875 ",12%,
E02023,Lillian Lewis,Technical Architect,Female,Black,43,8/14/2013,"$83,323 ",0%,
E02024,Serenity Cao,Account Representative,Female,Asian,31,10/21/2018,"$66,721 ",0%,
E02025,Parker Lai,Vice President,Male,Asian,48,11/29/2006,"$246,400 ",36%,
E02026,Charles Simmons,Manager,Male,Caucasian,55,10/27/1997,"$113,525 ",6%,
E02866,Melody Yoon,Business Partner,Female,Asian,49,10/15/2014,"$52,292 ",0%,
E02867,Avery Smith,Sr. Manager,Female,Caucasian,53,6/27/2008,"$69,110 ",0%,
E02749,Evelyn Vasquez,Technical Architect,Female,Latino,38,2/24/2013,"$68,676 ",0%,
E02750,Paisley Baker,Test Engineer,Female,Caucasian,58,12/23/2002,"$86,094 ",0%,
E02751,Eloise Griffin,Enterprise Architect,Female,Caucasian,27,5/6/2022,"$77,607 ",0%,
E02480,Santiago f Banks,Sr. Manager,Male,Caucasian,44,8/16/2019,"$151,481 ",11%,
E02481,Caroline Wong,Analyst,Female,Asian,37,3/8/2017,"$40,508 ",0%,
E02482,Quinn Ho,Vice President,Female,Asian,45,7/20/2002,"$200,481 ",30%,
E02483,Caroline Nunez,Vice President,Female,Latino,65,12/20/2002,"$224,872 ",39%,
E02484,Carson Brown,Sr. Manager,Male,Black,65,11/5/2007,"$149,474 ",14%,
E02485,Olivia Maldonado,Test Engineer,Female,Latino,63,2/18/2002,"$86,820 ",0%,
E02486,Emilia Chung,Director,Female,Asian,55,11/8/1994,"$184,078 ",28%,
E02487,Leilani Shin,Analyst,Female,Asian,58,12/18/2013,"$55,174 ",0%,
E02488,Abigail Zhu,Director,Female,Asian,31,1/17/2022,"$152,474 ",27%,
E02489,Autumn Xiong,Network Administrator,Female,Asian,28,2/13/2020,"$75,172 ",0%,
E02490,Hailey Cruz,Business Partner,Female,Latino,50,8/10/2008,"$56,002 ",0%,
E02491,Piper Cruz,Director,Female,Latino,61,4/13/2013,"$195,636 ",21%,
E02492,Jaxson Jackson,Enterprise Architect,Male,Caucasian,53,3/1/1997,"$63,165 ",0%,
E02493,Serenity Mehta,Analyst,Female,Asian,51,7/21/1998,"$57,277 ",0%,
E02494,Peyton Gomez,Analyst,Female,Latino,56,1/14/2020,"$42,950 ",0%,
E02495,Ethan Vargas,Director,Male,Latino,38,10/9/2018,"$168,410 ",30%,
E02013,Bella Wu,Sr. Analyst,Female,Asian,63,8/3/2014,"$71,418 ",0%,
E02014,Jose Wong,Director,Male,Asian,45,11/15/2017,"$150,558 ",23%,
E02015,Lucas Richardson,Manager,Male,Caucasian,36,7/22/2018,"$118,912 ",8%,
E02016,Jacob Moore,Sr. Manager,Male,Black,42,3/24/2021,"$131,422 ",15%,
E02017,Luna Lu,IT Systems Architect,Female,Asian,62,7/26/1997,"$64,208 ",0%,
E02018,Bella Tran,Vice President,Female,Asian,45,8/5/2010,"$254,486 ",33%,
E02019,Ivy Chau,Analyst,Female,Asian,61,3/3/2019,"$54,811 ",0%,
E02020,Jordan Kumar,Service Desk Analyst,Male,Asian,29,11/11/2017,"$95,729 ",0%,
E02021,Sophia Gutierrez,Manager,Female,Latino,63,2/8/2009,"$102,649 ",6%,
E02022,Eli Dang,Sr. Manager,Male,Asian,45,11/16/2015,"$122,875 ",12%,
E02023,Lillian Lewis,Technical Architect,Female,Black,43,8/14/2013,"$83,323 ",0%,3/31/2019
E02024,Serenity Cao,Account Representative,Female,Asian,31,10/21/2018,"$66,721 ",0%,
E02025,Parker Lai,Vice President,Male,Asian,48,11/29/2006,"$246,400 ",36%,
E02026,Charles Simmons,Manager,Male,Caucasian,55,10/27/1997,"$113,525 ",6%,
E02027,Jayden Luu,Director,Male,Asian,64,5/13/2004,"$184,342 ",22%,
E02028,Brooks Richardson,Director,Male,Caucasian,58,11/24/2020,"$151,341 ",22%,
E02029,Ivy Thompson,Manager,Female,Caucasian,50,8/11/2004,"$118,900 ",5%,
E02030,Peyton Wright,Sr. Manager,Female,Black,41,5/13/2017,"$153,370 ",10%,
E02031,Wyatt Dinh,System Administrator ,Male,Asian,50,3/15/2002,"$72,860 ",0%,
E02032,Ruby Alexander,Vice President,Female,Caucasian,59,8/13/2001,"$255,610 ",36%,
E02033,Axel Oh,Sr. Analyst,Male,Asian,26,10/24/2020,"$84,962 ",0%,
E02233,Greyson Lim,Director,Male,Asian,28,10/12/2022,"$198,662 ",25%,
E02234,Chloe Miller,Sr. Manager,Female,Black,57,8/12/2021,"$142,506 ",11%,
E02235,Jaxson Brooks,Network Architect,Male,Black,57,7/15/2022,"$77,028 ",0%,
E02236,Jack Perez,Cloud Infrastructure Architect,Male,Latino,30,1/9/2017,"$80,389 ",0%,9/10/2017
E02237,Ruby Reed,Vice President,Female,Caucasian,26,1/23/2022,"$249,062 ",39%,
E02238,Ivy Rojas,IT Coordinator,Female,Latino,53,1/8/2013,"$52,675 ",0%,
E02239,Hudson Wong,Sr. Account Representative,Male,Asian,59,5/11/2014,"$83,365 ",0%,
E02240,Ryan Yi,Solutions Architect,Male,Asian,56,8/17/2003,"$82,758 ",0%,
E02241,Carter Simmons,Manager,Male,Caucasian,41,5/30/2012,"$126,406 ",10%,
E02242,Emilia Xu,Manager,Female,Asian,46,1/24/2017,"$103,147 ",6%,
E02243,Adam Medina,IT Systems Architect,Male,Latino,49,10/4/2020,"$81,622 ",0%,
E02244,Connor Howard,Systems Analyst,Male,Caucasian,42,3/15/2021,"$44,265 ",0%,6/27/2022
E02245,Audrey Duong,Vice President,Female,Asian,55,3/3/1999,"$213,998 ",34%,
E02246,Landon Reyes,Director,Male,Latino,44,8/23/2014,"$171,823 ",27%,
E02247,Noah Ma,Vice President,Male,Asian,28,11/6/2018,"$201,013 ",31%,
E02248,Lucas Alexander,Director,Male,Black,41,9/20/2013,"$192,944 ",22%,
E02249,Henry Vo,Controls Engineer,Male,Asian,60,9/13/1996,"$81,699 ",0%,
E02250,Mila Han,Manager,Female,Asian,54,11/14/2009,"$128,791 ",6%,
E02251,Genesis Herrera,Manager,Female,Latino,34,10/3/2015,"$126,898 ",10%,
E02252,Olivia Vazquez,Network Engineer,Female,Latino,53,4/13/2020,"$93,053 ",0%,
E02253,Leilani Ng,Systems Analyst,Female,Asian,48,9/19/2011,"$50,513 ",0%,10/30/2019
E02254,Olivia Mendoza,Sr. Account Representative,Female,Latino,43,5/7/2017,"$86,533 ",0%,
