Employee ID,Department,Business Unit,Country,City
E02002,Engineering,Manufacturing,United States,Columbus
E02003,Sales,Corporate,United States,Chicago
E02004,IT,Research & Development,China,Shanghai
E02005,IT,Corporate,United States,Seattle
E02006,Engineering,Corporate,United States,Austin
E02007,IT,Manufacturing,United States,Phoenix
E02008,Accounting,Specialty Products,China,Chongqing
E02009,Finance,Corporate,China,Chengdu
E02010,IT,Manufacturing,United States,Seattle
E02011,Finance,Specialty Products,United States,Miami
E02012,IT,Manufacturing,United States,Miami
E02013,Finance,Specialty Products,United States,Phoenix
E02014,IT,Manufacturing,China,Chongqing
E02015,Marketing,Corporate,United States,Miami
E02016,Marketing,Corporate,United States,Phoenix
E02017,IT,Corporate,United States,Miami
E02018,Engineering,Specialty Products,China,Chengdu
E02019,Sales,Specialty Products,China,Chongqing
E02020,IT,Specialty Products,United States,Seattle
E02021,Accounting,Specialty Products,United States,Austin
E02022,Accounting,Specialty Products,United States,Chicago
E02023,IT,Research & Development,United States,Phoenix
E02024,Sales,Manufacturing,China,Shanghai
E02025,Accounting,Specialty Products,China,Chongqing
E02026,Sales,Specialty Products,United States,Miami
E02027,Accounting,Manufacturing,China,Beijing
E02028,Marketing,Specialty Products,United States,Seattle
E02029,Marketing,Manufacturing,United States,Seattle
E02030,Marketing,Corporate,United States,Chicago
E02031,IT,Specialty Products,China,Shanghai
E02032,Finance,Research & Development,United States,Phoenix
E02033,Sales,Corporate,China,Chengdu
E02034,Human Resources,Specialty Products,United States,Seattle
E02035,IT,Corporate,China,Shanghai
E02036,Human Resources,Specialty Products,United States,Austin
E02037,Engineering,Specialty Products,United States,Phoenix
E02038,Accounting,Corporate,Brazil,Rio de Janeiro
E02039,Marketing,Research & Development,United States,Austin
E02040,Marketing,Specialty Products,China,Shanghai
E02041,Finance,Specialty Products,United States,Seattle
E02042,Finance,Research & Development,United States,Chicago
E02043,Accounting,Research & Development,United States,Columbus
E02044,Accounting,Manufacturing,China,Chongqing
E02045,Accounting,Specialty Products,United States,Phoenix
E02046,Engineering,Research & Development,China,Beijing
E02047,Marketing,Corporate,United States,Chicago
E02048,IT,Specialty Products,United States,Miami
E02049,Sales,Corporate,China,Chongqing
E02050,IT,Research & Development,United States,Phoenix
E02051,Accounting,Specialty Products,United States,Miami
E02052,IT,Corporate,United States,Miami
E02053,Finance,Corporate,United States,Chicago
E02054,IT,Specialty Products,United States,Columbus
E02055,Engineering,Corporate,United States,Chicago
E02056,Sales,Specialty Products,United States,Austin
E02057,IT,Manufacturing,United States,Phoenix
E02058,Sales,Corporate,Brazil,Sao Paulo
E02059,Sales,Research & Development,Brazil,Sao Paulo
E02060,Sales,Manufacturing,United States,Columbus
E02061,Finance,Corporate,United States,Phoenix
E02062,Sales,Specialty Products,United States,Miami
E02063,Sales,Corporate,United States,Phoenix
E02064,Sales,Manufacturing,United States,Miami
E02065,Engineering,Manufacturing,China,Shanghai
E02066,Sales,Specialty Products,United States,Seattle
E02067,Finance,Manufacturing,United States,Phoenix
E02068,Marketing,Research & Development,United States,Phoenix
E02069,Sales,Specialty Products,Brazil,Rio de Janeiro
E02070,Marketing,Specialty Products,China,Chengdu
E02071,Marketing,Corporate,China,Beijing
E02072,Sales,Specialty Products,United States,Chicago
E02073,IT,Research & Development,United States,Columbus
E02074,Marketing,Corporate,China,Chengdu
E02075,Finance,Manufacturing,United States,Columbus
E02076,Sales,Research & Development,United States,Miami
E02077,IT,Specialty Products,Brazil,Sao Paulo
E02078,Human Resources,Research & Development,China,Beijing
E02079,IT,Corporate,United States,Columbus
E02080,Marketing,Specialty Products,United States,Phoenix
E02081,Human Resources,Research & Development,United States,Chicago
E02082,Sales,Specialty Products,United States,Phoenix
E02083,Accounting,Manufacturing,China,Shanghai
E02084,Sales,Research & Development,Brazil,Sao Paulo
E02085,IT,Manufacturing,United States,Phoenix
E02086,Marketing,Specialty Products,China,Chengdu
E02087,Marketing,Specialty Products,United States,Columbus
E02088,Human Resources,Research & Development,Brazil,Rio de Janeiro
E02089,Marketing,Corporate,China,Chengdu
E02090,Human Resources,Specialty Products,United States,Phoenix
E02091,Human Resources,Specialty Products,United States,Columbus
E02092,Sales,Research & Development,United States,Seattle
E02093,IT,Manufacturing,United States,Columbus
E02094,Marketing,Corporate,China,Shanghai
E02095,IT,Manufacturing,Brazil,Sao Paulo
E02096,Accounting,Research & Development,China,Chongqing
E02097,IT,Research & Development,China,Shanghai
E02098,Engineering,Corporate,United States,Chicago
E02099,Finance,Specialty Products,United States,Seattle
E02100,Engineering,Corporate,Brazil,Sao Paulo
E02101,Engineering,Corporate,China,Chengdu
E02102,Accounting,Manufacturing,China,Shanghai
E02103,Sales,Specialty Products,China,Beijing
E02104,Human Resources,Corporate,China,Shanghai
E02105,Finance,Corporate,United States,Miami
E02106,Marketing,Specialty Products,United States,Chicago
E02107,IT,Specialty Products,United States,Seattle
E02108,Accounting,Specialty Products,Brazil,Manaus
E02109,Engineering,Manufacturing,China,Chengdu
E02110,Marketing,Corporate,United States,Phoenix
E02111,Sales,Corporate,Brazil,Sao Paulo
E02112,Marketing,Corporate,China,Chongqing
E02113,Sales,Manufacturing,China,Chongqing
E02114,Sales,Manufacturing,United States,Chicago
E02115,IT,Research & Development,United States,Phoenix
E02116,IT,Corporate,China,Beijing
E02117,IT,Corporate,United States,Seattle
E02118,IT,Specialty Products,United States,Miami
E02119,Human Resources,Research & Development,Brazil,Rio de Janeiro
E02120,Sales,Specialty Products,United States,Austin
E02121,Engineering,Specialty Products,United States,Columbus
E02122,IT,Research & Development,United States,Chicago
E02123,Human Resources,Specialty Products,Brazil,Rio de Janeiro
E02124,IT,Corporate,United States,Seattle
E02125,Sales,Specialty Products,China,Beijing
E02126,IT,Manufacturing,China,Beijing
E02127,IT,Specialty Products,China,Beijing
E02128,Sales,Corporate,Brazil,Manaus
E02129,Engineering,Corporate,China,Beijing
E02130,Accounting,Specialty Products,China,Chengdu
E02131,Finance,Research & Development,China,Chengdu
E02132,Sales,Specialty Products,United States,Chicago
E02133,Marketing,Specialty Products,China,Chengdu
E02134,Finance,Manufacturing,United States,Phoenix
E02135,IT,Research & Development,Brazil,Rio de Janeiro
E02136,IT,Corporate,United States,Phoenix
E02137,Sales,Research & Development,China,Shanghai
E02138,Marketing,Research & Development,United States,Chicago
E02139,Accounting,Corporate,Brazil,Sao Paulo
E02140,IT,Corporate,China,Chengdu
E02141,Accounting,Corporate,Brazil,Sao Paulo
E02142,Sales,Research & Development,United States,Columbus
E02143,Accounting,Corporate,Brazil,Sao Paulo
E02144,Accounting,Corporate,Brazil,Manaus
E02145,Finance,Manufacturing,United States,Chicago
E02146,Finance,Manufacturing,Brazil,Manaus
E02147,Marketing,Specialty Products,United States,Columbus
E02148,IT,Research & Development,China,Beijing
E02149,Marketing,Corporate,United States,Miami
E02150,IT,Manufacturing,Brazil,Rio de Janeiro
E02151,Sales,Manufacturing,China,Chongqing
E02152,IT,Research & Development,United States,Miami
E02153,IT,Manufacturing,Brazil,Rio de Janeiro
E02154,IT,Research & Development,China,Chongqing
E02155,IT,Corporate,United States,Columbus
E02156,Engineering,Corporate,United States,Chicago
E02157,Accounting,Research & Development,China,Beijing
E02158,IT,Research & Development,United States,Columbus
E02159,Sales,Research & Development,United States,Seattle
E02160,Accounting,Manufacturing,United States,Seattle
E02161,IT,Specialty Products,United States,Miami
E02162,Finance,Manufacturing,China,Shanghai
E02163,Engineering,Research & Development,United States,Austin
E02164,Sales,Specialty Products,United States,Columbus
E02165,Engineering,Corporate,United States,Austin
E02166,IT,Research & Development,United States,Columbus
E02167,Engineering,Research & Development,United States,Austin
E02168,Engineering,Research & Development,United States,Austin
E02169,Accounting,Corporate,China,Chengdu
E02170,Marketing,Manufacturing,United States,Columbus
E02171,Accounting,Manufacturing,United States,Miami
E02172,IT,Corporate,United States,Phoenix
E02173,IT,Research & Development,China,Chongqing
E02174,Engineering,Research & Development,China,Chengdu
E02175,Finance,Specialty Products,United States,Austin
E02176,IT,Specialty Products,China,Chengdu
E02177,Accounting,Research & Development,Brazil,Manaus
E02178,Engineering,Manufacturing,United States,Phoenix
E02179,Finance,Manufacturing,Brazil,Rio de Janeiro
E02180,Marketing,Specialty Products,Brazil,Sao Paulo
E02181,Human Resources,Manufacturing,China,Beijing
E02182,Accounting,Research & Development,Brazil,Rio de Janeiro
E02183,Finance,Research & Development,United States,Miami
E02184,Sales,Research & Development,United States,Seattle
E02185,Accounting,Specialty Products,Brazil,Rio de Janeiro
E02186,Engineering,Corporate,Brazil,Sao Paulo
E02187,Sales,Corporate,United States,Austin
E02188,Sales,Manufacturing,United States,Austin
E02189,Finance,Corporate,China,Chongqing
E02190,Finance,Corporate,China,Chengdu
E02191,Sales,Corporate,China,Chongqing
E02192,IT,Research & Development,China,Chongqing
E02193,Finance,Specialty Products,United States,Chicago
E02194,IT,Specialty Products,United States,Seattle
E02195,Marketing,Research & Development,China,Chengdu
E02196,Sales,Manufacturing,United States,Miami
E02197,IT,Research & Development,United States,Columbus
E02198,IT,Specialty Products,China,Shanghai
E02199,Marketing,Research & Development,United States,Chicago
E02200,Finance,Specialty Products,United States,Chicago
E02201,Engineering,Research & Development,United States,Phoenix
E02202,Accounting,Corporate,United States,Austin
E02203,IT,Manufacturing,United States,Columbus
E02204,IT,Research & Development,United States,Phoenix
E02205,Finance,Specialty Products,United States,Miami
E02206,Finance,Corporate,United States,Chicago
E02207,Human Resources,Specialty Products,United States,Phoenix
E02208,Marketing,Research & Development,United States,Phoenix
E02209,Finance,Manufacturing,United States,Miami
E02210,Human Resources,Specialty Products,United States,Chicago
E02211,IT,Specialty Products,United States,Seattle
E02212,IT,Manufacturing,China,Chongqing
E02213,Sales,Corporate,Brazil,Manaus
E02214,Sales,Specialty Products,United States,Seattle
E02215,IT,Research & Development,China,Chongqing
E02216,Finance,Corporate,Brazil,Manaus
E02217,Sales,Manufacturing,Brazil,Sao Paulo
E02218,Accounting,Corporate,China,Shanghai
E02219,IT,Research & Development,China,Beijing
E02220,Finance,Manufacturing,Brazil,Rio de Janeiro
E02221,Engineering,Research & Development,United States,Seattle
E02222,IT,Specialty Products,United States,Phoenix
E02223,IT,Corporate,United States,Austin
E02224,Marketing,Corporate,United States,Chicago
E02225,IT,Specialty Products,United States,Seattle
E02226,Finance,Research & Development,China,Chengdu
E02227,Engineering,Corporate,Brazil,Sao Paulo
E02228,Finance,Corporate,United States,Austin
E02229,IT,Specialty Products,United States,Columbus
E02230,Human Resources,Manufacturing,United States,Seattle
E02231,IT,Manufacturing,United States,Austin
E02232,Accounting,Manufacturing,China,Chongqing
E02233,Finance,Corporate,China,Beijing
E02234,Marketing,Manufacturing,United States,Austin
E02235,IT,Manufacturing,United States,Seattle
E02236,IT,Research & Development,Brazil,Manaus
E02237,Engineering,Specialty Products,United States,Miami
E02238,IT,Corporate,Brazil,Manaus
E02239,Sales,Manufacturing,China,Chongqing
E02240,IT,Specialty Products,United States,Seattle
E02241,IT,Corporate,United States,Chicago
E02242,Marketing,Corporate,United States,Miami
E02243,IT,Manufacturing,United States,Chicago
E02244,IT,Specialty Products,United States,Austin
E02245,Sales,Specialty Products,United States,Miami
E02246,IT,Research & Development,United States,Columbus
E02247,Accounting,Manufacturing,United States,Phoenix
E02248,IT,Manufacturing,United States,Miami
E02249,Engineering,Manufacturing,China,Beijing
E02250,Sales,Manufacturing,United States,Miami
E02251,IT,Research & Development,Brazil,Manaus
E02252,IT,Specialty Products,Brazil,Sao Paulo
E02253,IT,Corporate,United States,Seattle
E02254,Sales,Corporate,United States,Columbus
E02255,Engineering,Research & Development,China,Chongqing
E02256,Sales,Specialty Products,United States,Austin
E02257,IT,Manufacturing,United States,Miami
E02258,Engineering,Specialty Products,United States,Chicago
E02259,IT,Manufacturing,United States,Chicago
E02260,Sales,Manufacturing,China,Chengdu
E02261,Marketing,Corporate,Brazil,Manaus
E02262,Accounting,Corporate,United States,Columbus
E02263,Marketing,Research & Development,China,Beijing
E02264,Marketing,Specialty Products,China,Beijing
E02265,IT,Research & Development,Brazil,Sao Paulo
E02266,IT,Research & Development,United States,Seattle
E02267,Accounting,Research & Development,United States,Seattle
E02268,Finance,Research & Development,Brazil,Sao Paulo
E02269,Finance,Specialty Products,United States,Columbus
E02270,Accounting,Specialty Products,United States,Seattle
E02271,Marketing,Corporate,United States,Phoenix
E02272,Accounting,Research & Development,United States,Chicago
E02273,Human Resources,Specialty Products,China,Chengdu
E02274,Engineering,Corporate,China,Chongqing
E02275,Sales,Corporate,United States,Miami
E02276,Accounting,Manufacturing,China,Chengdu
E02277,Finance,Manufacturing,China,Chongqing
E02278,Human Resources,Corporate,United States,Chicago
E02279,Human Resources,Corporate,United States,Seattle
E02280,Accounting,Specialty Products,China,Chengdu
E02281,Marketing,Corporate,United States,Austin
E02282,Human Resources,Specialty Products,United States,Seattle
E02283,Marketing,Specialty Products,Brazil,Sao Paulo
E02284,Human Resources,Specialty Products,United States,Seattle
E02285,IT,Corporate,United States,Miami
E02286,Sales,Research & Development,Brazil,Manaus
E02287,Sales,Research & Development,United States,Chicago
E02288,IT,Corporate,United States,Phoenix
E02289,Engineering,Manufacturing,Brazil,Manaus
E02290,IT,Corporate,China,Beijing
E02291,Sales,Corporate,United States,Austin
E02292,IT,Manufacturing,United States,Seattle
E02293,IT,Manufacturing,United States,Phoenix
E02294,Marketing,Manufacturing,United States,Seattle
E02295,Accounting,Specialty Products,China,Chengdu
E02296,Human Resources,Research & Development,United States,Austin
E02297,IT,Corporate,United States,Seattle
E02298,Engineering,Manufacturing,China,Chengdu
E02299,Human Resources,Manufacturing,United States,Seattle
E02300,IT,Corporate,United States,Phoenix
E02301,Accounting,Manufacturing,United States,Chicago
E02302,IT,Research & Development,United States,Seattle
E02303,IT,Specialty Products,China,Chongqing
E02304,IT,Research & Development,China,Chongqing
E02305,Human Resources,Corporate,United States,Columbus
E02306,Engineering,Research & Development,China,Beijing
E02307,Finance,Manufacturing,China,Shanghai
E02308,Sales,Corporate,China,Chongqing
E02309,Finance,Research & Development,United States,Miami
E02310,IT,Corporate,United States,Austin
E02311,Sales,Corporate,United States,Seattle
E02312,Accounting,Corporate,United States,Miami
E02313,IT,Specialty Products,United States,Miami
E02314,Sales,Research & Development,United States,Columbus
E02315,Engineering,Research & Development,United States,Austin
E02316,Human Resources,Manufacturing,United States,Miami
E02317,Marketing,Specialty Products,United States,Miami
E02318,Marketing,Corporate,United States,Austin
E02319,Finance,Manufacturing,United States,Miami
E02320,Human Resources,Corporate,China,Chengdu
E02321,IT,Corporate,China,Chengdu
E02322,Sales,Specialty Products,United States,Austin
E02323,IT,Manufacturing,China,Chongqing
E02324,Sales,Research & Development,United States,Austin
E02325,Engineering,Research & Development,United States,Phoenix
E02326,Human Resources,Corporate,China,Chengdu
E02327,IT,Manufacturing,United States,Seattle
E02328,Engineering,Corporate,United States,Phoenix
E02329,IT,Research & Development,United States,Phoenix
E02330,Engineering,Manufacturing,Brazil,Sao Paulo
E02331,IT,Specialty Products,Brazil,Manaus
E02332,Finance,Research & Development,China,Chongqing
E02333,Engineering,Research & Development,United States,Austin
E02334,Engineering,Specialty Products,United States,Miami
E02335,Human Resources,Research & Development,Brazil,Manaus
E02336,IT,Specialty Products,United States,Chicago
E02337,Accounting,Corporate,Brazil,Sao Paulo
E02338,Human Resources,Research & Development,United States,Chicago
E02339,Sales,Manufacturing,China,Beijing
E02340,IT,Manufacturing,Brazil,Sao Paulo
E02341,Finance,Manufacturing,United States,Miami
E02342,Human Resources,Corporate,United States,Chicago
E02343,IT,Research & Development,United States,Columbus
E02344,Engineering,Corporate,United States,Chicago
E02345,IT,Corporate,China,Shanghai
E02346,Sales,Research & Development,United States,Seattle
E02347,Engineering,Specialty Products,United States,Chicago
E02348,IT,Manufacturing,United States,Miami
E02349,Finance,Specialty Products,United States,Miami
E02350,IT,Specialty Products,China,Shanghai
E02351,Marketing,Research & Development,United States,Seattle
E02352,Marketing,Manufacturing,China,Chongqing
E02353,Finance,Manufacturing,United States,Austin
E02354,Engineering,Research & Development,United States,Chicago
E02355,Accounting,Specialty Products,United States,Seattle
E02356,Human Resources,Corporate,United States,Phoenix
E02357,Human Resources,Manufacturing,United States,Austin
E02358,Human Resources,Manufacturing,China,Shanghai
E02359,Sales,Specialty Products,United States,Columbus
E02360,Human Resources,Corporate,United States,Miami
E02361,IT,Specialty Products,United States,Austin
E02362,Human Resources,Manufacturing,United States,Seattle
E02363,IT,Research & Development,United States,Seattle
E02364,Marketing,Specialty Products,Brazil,Rio de Janeiro
E02365,IT,Corporate,United States,Chicago
E02366,Engineering,Research & Development,Brazil,Rio de Janeiro
E02367,IT,Manufacturing,United States,Seattle
E02368,Finance,Manufacturing,United States,Columbus
E02369,Sales,Research & Development,China,Beijing
E02370,Sales,Manufacturing,United States,Chicago
E02371,IT,Manufacturing,United States,Miami
E02372,Sales,Research & Development,United States,Austin
E02373,Marketing,Research & Development,United States,Seattle
E02374,Engineering,Research & Development,United States,Phoenix
E02375,Marketing,Specialty Products,United States,Austin
E02376,IT,Manufacturing,United States,Phoenix
E02377,IT,Manufacturing,United States,Columbus
E02378,Engineering,Corporate,China,Beijing
E02379,IT,Manufacturing,United States,Seattle
E02380,Accounting,Research & Development,China,Beijing
E02381,Finance,Research & Development,United States,Chicago
E02382,Engineering,Specialty Products,Brazil,Manaus
E02383,Finance,Specialty Products,United States,Columbus
E02384,Finance,Research & Development,United States,Seattle
E02385,Human Resources,Manufacturing,China,Chongqing
E02386,Finance,Specialty Products,United States,Seattle
E02387,Sales,Specialty Products,Brazil,Rio de Janeiro
E02388,IT,Corporate,United States,Phoenix
E02389,Sales,Manufacturing,United States,Miami
E02390,IT,Specialty Products,United States,Austin
E02391,Marketing,Specialty Products,United States,Columbus
E02392,IT,Research & Development,Brazil,Rio de Janeiro
E02393,IT,Corporate,United States,Seattle
E02394,Accounting,Corporate,United States,Seattle
E02395,Human Resources,Corporate,United States,Austin
E02396,Marketing,Specialty Products,United States,Columbus
E02397,Finance,Corporate,Brazil,Manaus
E02398,Finance,Specialty Products,United States,Miami
E02399,Engineering,Research & Development,Brazil,Manaus
E02400,Engineering,Corporate,United States,Miami
E02401,Engineering,Research & Development,United States,Austin
E02402,Sales,Research & Development,Brazil,Sao Paulo
E02403,Human Resources,Specialty Products,United States,Chicago
E02404,Accounting,Manufacturing,United States,Chicago
E02405,Human Resources,Specialty Products,United States,Miami
E02406,Human Resources,Manufacturing,United States,Columbus
E02407,Human Resources,Research & Development,United States,Seattle
E02408,Finance,Research & Development,Brazil,Sao Paulo
E02409,Marketing,Specialty Products,United States,Phoenix
E02410,Engineering,Manufacturing,China,Shanghai
E02411,IT,Corporate,United States,Austin
E02412,Human Resources,Corporate,China,Chengdu
E02413,IT,Corporate,China,Beijing
E02414,IT,Manufacturing,United States,Austin
E02415,Sales,Manufacturing,United States,Seattle
E02416,Marketing,Corporate,Brazil,Sao Paulo
E02417,Accounting,Corporate,United States,Austin
E02418,Marketing,Specialty Products,Brazil,Manaus
E02419,Marketing,Research & Development,United States,Miami
E02420,Sales,Research & Development,China,Chengdu
E02421,Accounting,Research & Development,United States,Phoenix
E02422,Finance,Research & Development,China,Chongqing
E02423,Engineering,Specialty Products,United States,Phoenix
E02424,Engineering,Specialty Products,United States,Miami
E02425,Accounting,Corporate,United States,Austin
E02426,Engineering,Research & Development,United States,Phoenix
E02427,IT,Research & Development,United States,Chicago
E02428,Engineering,Research & Development,United States,Seattle
E02429,IT,Research & Development,United States,Columbus
E02430,IT,Research & Development,United States,Austin
E02431,Engineering,Specialty Products,United States,Columbus
E02432,Engineering,Research & Development,Brazil,Manaus
E02433,Engineering,Manufacturing,United States,Austin
E02434,Sales,Specialty Products,China,Chengdu
E02435,IT,Specialty Products,Brazil,Rio de Janeiro
E02436,Human Resources,Research & Development,Brazil,Manaus
E02437,Engineering,Manufacturing,China,Shanghai
E02438,IT,Manufacturing,United States,Austin
E02439,IT,Research & Development,China,Chongqing
E02440,Accounting,Corporate,United States,Chicago
E02441,IT,Corporate,Brazil,Rio de Janeiro
E02442,Sales,Manufacturing,United States,Columbus
E02443,IT,Research & Development,United States,Columbus
E02444,Human Resources,Research & Development,United States,Austin
E02445,Engineering,Corporate,United States,Chicago
E02446,IT,Research & Development,United States,Phoenix
E02447,Engineering,Specialty Products,United States,Austin
E02448,Human Resources,Specialty Products,United States,Austin
E02449,Accounting,Research & Development,United States,Columbus
E02450,IT,Research & Development,United States,Austin
E02451,IT,Corporate,China,Beijing
E02452,Engineering,Manufacturing,United States,Austin
E02453,IT,Specialty Products,United States,Columbus
E02454,Finance,Specialty Products,China,Chengdu
E02455,IT,Corporate,China,Beijing
E02456,Human Resources,Manufacturing,United States,Austin
E02457,Sales,Research & Development,United States,Miami
E02458,Finance,Research & Development,United States,Columbus
E02459,Marketing,Corporate,China,Chengdu
E02460,Accounting,Research & Development,United States,Miami
E02461,IT,Manufacturing,United States,Seattle
E02462,Finance,Manufacturing,Brazil,Manaus
E02463,Marketing,Research & Development,United States,Chicago
E02464,Marketing,Specialty Products,United States,Seattle
E02465,Sales,Corporate,China,Shanghai
E02466,IT,Manufacturing,China,Chongqing
E02467,Finance,Research & Development,United States,Columbus
E02468,IT,Corporate,United States,Phoenix
E02469,Human Resources,Specialty Products,United States,Chicago
E02470,Sales,Specialty Products,Brazil,Sao Paulo
E02471,Sales,Research & Development,United States,Columbus
E02472,IT,Corporate,China,Chengdu
E02473,Marketing,Research & Development,United States,Phoenix
E02474,IT,Research & Development,United States,Miami
E02475,Sales,Corporate,Brazil,Rio de Janeiro
E02476,Marketing,Research & Development,United States,Miami
E02477,IT,Specialty Products,Brazil,Rio de Janeiro
E02478,Human Resources,Specialty Products,China,Beijing
E02479,Accounting,Manufacturing,United States,Chicago
E02480,IT,Specialty Products,United States,Chicago
E02481,Sales,Research & Development,China,Beijing
E02482,Accounting,Research & Development,United States,Columbus
E02483,Finance,Manufacturing,Brazil,Sao Paulo
E02484,Human Resources,Research & Development,United States,Phoenix
E02485,Engineering,Research & Development,United States,Chicago
E02486,Finance,Manufacturing,China,Shanghai
E02487,Accounting,Corporate,United States,Austin
E02488,Finance,Corporate,United States,Austin
E02489,IT,Specialty Products,China,Shanghai
E02490,Human Resources,Manufacturing,United States,Austin
E02491,Sales,Research & Development,Brazil,Rio de Janeiro
E02492,IT,Specialty Products,United States,Seattle
E02493,Sales,Research & Development,China,Shanghai
E02494,Finance,Specialty Products,Brazil,Rio de Janeiro
E02495,IT,Research & Development,United States,Chicago
E02496,IT,Corporate,United States,Miami
E02497,Sales,Specialty Products,China,Beijing
E02498,Sales,Corporate,China,Shanghai
E02499,Marketing,Corporate,China,Chengdu
E02500,IT,Manufacturing,United States,Seattle
E02501,Sales,Corporate,United States,Seattle
E02502,IT,Manufacturing,United States,Miami
E02503,Finance,Manufacturing,United States,Austin
E02504,Engineering,Corporate,China,Shanghai
E02505,Marketing,Research & Development,Brazil,Manaus
E02506,Sales,Research & Development,China,Beijing
E02507,Engineering,Corporate,United States,Miami
E02508,Human Resources,Specialty Products,China,Chengdu
E02509,Human Resources,Specialty Products,China,Chongqing
E02510,Sales,Manufacturing,China,Shanghai
E02511,Accounting,Specialty Products,United States,Seattle
E02512,Human Resources,Research & Development,China,Chengdu
E02513,IT,Research & Development,United States,Miami
E02514,IT,Specialty Products,United States,Miami
E02515,Sales,Corporate,United States,Austin
E02516,IT,Research & Development,United States,Austin
E02517,Engineering,Research & Development,China,Shanghai
E02518,IT,Research & Development,United States,Phoenix
E02519,Engineering,Manufacturing,United States,Chicago
E02520,IT,Manufacturing,United States,Columbus
E02521,IT,Manufacturing,United States,Miami
E02522,Finance,Specialty Products,United States,Seattle
E02523,IT,Corporate,United States,Miami
E02524,IT,Manufacturing,Brazil,Manaus
E02525,IT,Research & Development,United States,Phoenix
E02526,Sales,Manufacturing,United States,Chicago
E02527,IT,Research & Development,United States,Seattle
E02528,IT,Research & Development,Brazil,Manaus
E02529,Sales,Manufacturing,United States,Miami
E02530,Finance,Manufacturing,United States,Phoenix
E02531,Engineering,Specialty Products,United States,Phoenix
E02532,Sales,Corporate,United States,Columbus
E02533,IT,Corporate,Brazil,Manaus
E02534,Accounting,Research & Development,United States,Chicago
E02535,Marketing,Manufacturing,United States,Seattle
E02536,Sales,Specialty Products,United States,Chicago
E02537,IT,Manufacturing,United States,Chicago
E02538,IT,Specialty Products,United States,Austin
E02539,Human Resources,Corporate,United States,Columbus
E02540,IT,Corporate,China,Beijing
E02541,IT,Corporate,China,Shanghai
E02542,Accounting,Specialty Products,United States,Columbus
E02543,IT,Research & Development,Brazil,Sao Paulo
E02544,Engineering,Research & Development,United States,Seattle
E02545,IT,Specialty Products,United States,Chicago
E02546,Accounting,Corporate,United States,Miami
E02547,Sales,Research & Development,China,Beijing
E02548,IT,Specialty Products,Brazil,Rio de Janeiro
E02549,Human Resources,Corporate,Brazil,Rio de Janeiro
E02550,Finance,Corporate,United States,Austin
E02551,Finance,Manufacturing,China,Chongqing
E02552,IT,Research & Development,China,Shanghai
E02553,Engineering,Corporate,United States,Chicago
E02554,Marketing,Specialty Products,United States,Phoenix
E02555,Engineering,Manufacturing,United States,Chicago
E02556,IT,Specialty Products,United States,Seattle
E02557,Engineering,Manufacturing,United States,Seattle
E02558,IT,Specialty Products,China,Chongqing
E02559,IT,Research & Development,United States,Seattle
E02560,Engineering,Specialty Products,United States,Chicago
E02561,Accounting,Manufacturing,United States,Austin
E02562,Accounting,Research & Development,United States,Austin
E02563,Engineering,Research & Development,United States,Chicago
E02564,Human Resources,Research & Development,China,Beijing
E02565,Sales,Manufacturing,United States,Chicago
E02566,Engineering,Research & Development,Brazil,Rio de Janeiro
E02567,Sales,Manufacturing,United States,Miami
E02568,IT,Corporate,United States,Miami
E02569,Human Resources,Corporate,United States,Miami
E02570,Sales,Specialty Products,Brazil,Manaus
E02571,Marketing,Corporate,United States,Columbus
E02572,IT,Specialty Products,United States,Austin
E02573,Finance,Specialty Products,United States,Columbus
E02574,Human Resources,Research & Development,China,Chongqing
E02575,Accounting,Manufacturing,Brazil,Rio de Janeiro
E02576,Human Resources,Research & Development,Brazil,Sao Paulo
E02577,IT,Specialty Products,United States,Phoenix
E02578,Sales,Specialty Products,United States,Seattle
E02579,Marketing,Manufacturing,United States,Columbus
E02580,Marketing,Specialty Products,United States,Phoenix
E02581,IT,Research & Development,China,Beijing
E02582,IT,Specialty Products,United States,Chicago
E02583,Sales,Specialty Products,Brazil,Rio de Janeiro
E02584,Human Resources,Corporate,Brazil,Rio de Janeiro
E02585,IT,Research & Development,United States,Chicago
E02586,Human Resources,Research & Development,United States,Miami
E02587,Sales,Specialty Products,United States,Phoenix
E02588,IT,Specialty Products,United States,Seattle
E02589,Accounting,Research & Development,China,Chengdu
E02590,IT,Manufacturing,United States,Phoenix
E02591,Engineering,Manufacturing,China,Chengdu
E02592,Accounting,Specialty Products,United States,Phoenix
E02593,IT,Specialty Products,China,Beijing
E02594,Engineering,Specialty Products,United States,Chicago
E02595,Engineering,Research & Development,Brazil,Manaus
E02596,Sales,Specialty Products,United States,Austin
E02597,IT,Specialty Products,United States,Miami
E02598,Sales,Manufacturing,United States,Miami
E02599,Marketing,Research & Development,United States,Austin
E02600,IT,Specialty Products,China,Chongqing
E02601,Human Resources,Research & Development,China,Shanghai
E02602,IT,Specialty Products,United States,Austin
E02603,Human Resources,Specialty Products,United States,Seattle
E02604,Accounting,Specialty Products,United States,Seattle
E02605,Human Resources,Corporate,Brazil,Rio de Janeiro
E02606,Human Resources,Manufacturing,United States,Austin
E02607,Marketing,Manufacturing,United States,Austin
E02608,Marketing,Manufacturing,China,Shanghai
E02609,Accounting,Manufacturing,China,Shanghai
E02610,Accounting,Manufacturing,United States,Columbus
E02611,IT,Manufacturing,United States,Austin
E02612,Engineering,Research & Development,Brazil,Sao Paulo
E02613,IT,Manufacturing,United States,Chicago
E02614,Finance,Corporate,United States,Miami
E02615,Engineering,Research & Development,Brazil,Manaus
E02616,Human Resources,Corporate,United States,Seattle
E02617,IT,Specialty Products,United States,Chicago
E02618,Accounting,Corporate,United States,Chicago
E02619,Human Resources,Research & Development,United States,Columbus
E02620,Engineering,Research & Development,United States,Phoenix
E02621,IT,Manufacturing,United States,Miami
E02622,Engineering,Specialty Products,United States,Columbus
E02623,Engineering,Specialty Products,China,Beijing
E02624,Accounting,Corporate,United States,Seattle
E02625,Finance,Specialty Products,United States,Miami
E02626,IT,Specialty Products,Brazil,Sao Paulo
E02627,Marketing,Specialty Products,United States,Miami
E02628,Sales,Manufacturing,United States,Seattle
E02629,Finance,Manufacturing,China,Chongqing
E02630,Marketing,Research & Development,United States,Columbus
E02631,IT,Manufacturing,United States,Austin
E02632,Finance,Research & Development,United States,Seattle
E02633,Sales,Research & Development,United States,Columbus
E02634,Sales,Research & Development,United States,Columbus
E02635,IT,Specialty Products,China,Chengdu
E02636,IT,Research & Development,Brazil,Sao Paulo
E02637,Human Resources,Specialty Products,United States,Austin
E02638,Human Resources,Corporate,China,Beijing
E02639,Sales,Corporate,United States,Austin
E02640,Human Resources,Corporate,China,Chengdu
E02641,IT,Corporate,Brazil,Manaus
E02642,Marketing,Manufacturing,United States,Chicago
E02643,IT,Specialty Products,United States,Phoenix
E02644,Engineering,Corporate,United States,Chicago
E02645,IT,Corporate,United States,Austin
E02646,Human Resources,Corporate,United States,Chicago
E02647,Human Resources,Specialty Products,United States,Phoenix
E02648,IT,Corporate,United States,Miami
E02649,Engineering,Research & Development,United States,Miami
E02650,Finance,Manufacturing,Brazil,Manaus
E02651,Engineering,Research & Development,China,Chengdu
E02652,Marketing,Manufacturing,China,Chengdu
E02653,Marketing,Corporate,United States,Austin
E02654,IT,Specialty Products,United States,Austin
E02655,Accounting,Specialty Products,United States,Columbus
E02656,Sales,Research & Development,United States,Seattle
E02657,IT,Research & Development,United States,Columbus
E02658,Engineering,Corporate,Brazil,Sao Paulo
E02659,IT,Manufacturing,China,Chengdu
E02660,Human Resources,Corporate,United States,Phoenix
E02661,Engineering,Specialty Products,United States,Chicago
E02662,Finance,Corporate,United States,Columbus
E02663,Human Resources,Research & Development,China,Chongqing
E02664,IT,Research & Development,United States,Seattle
E02665,Accounting,Specialty Products,United States,Austin
E02666,Accounting,Research & Development,United States,Miami
E02667,IT,Research & Development,United States,Seattle
E02668,Marketing,Research & Development,Brazil,Manaus
E02669,Engineering,Corporate,China,Chongqing
E02670,Engineering,Corporate,China,Beijing
E02671,Finance,Corporate,United States,Columbus
E02672,IT,Manufacturing,United States,Miami
E02673,Accounting,Corporate,Brazil,Manaus
E02674,Human Resources,Specialty Products,United States,Austin
E02675,Accounting,Corporate,China,Shanghai
E02676,Sales,Corporate,Brazil,Sao Paulo
E02677,Finance,Research & Development,China,Chongqing
E02678,Accounting,Research & Development,United States,Austin
E02679,Engineering,Specialty Products,United States,Seattle
E02680,Sales,Research & Development,United States,Phoenix
E02681,Human Resources,Specialty Products,United States,Miami
E02682,IT,Manufacturing,United States,Columbus
E02683,Accounting,Corporate,United States,Columbus
E02684,IT,Research & Development,United States,Miami
E02685,IT,Manufacturing,United States,Miami
E02686,Accounting,Corporate,United States,Miami
E02687,Engineering,Corporate,United States,Austin
E02688,Sales,Specialty Products,United States,Seattle
E02689,Human Resources,Corporate,United States,Miami
E02690,IT,Manufacturing,United States,Chicago
E02691,Engineering,Manufacturing,United States,Phoenix
E02692,IT,Corporate,China,Chengdu
E02693,Human Resources,Manufacturing,China,Beijing
E02694,IT,Manufacturing,United States,Chicago
E02695,Engineering,Specialty Products,Brazil,Rio de Janeiro
E02696,IT,Manufacturing,United States,Seattle
E02697,Sales,Manufacturing,China,Shanghai
E02698,Marketing,Research & Development,United States,Columbus
E02699,IT,Corporate,United States,Austin
E02700,IT,Manufacturing,United States,Phoenix
E02701,IT,Specialty Products,United States,Miami
E02702,Sales,Specialty Products,United States,Chicago
E02703,Sales,Research & Development,United States,Chicago
E02704,Sales,Manufacturing,United States,Columbus
E02705,IT,Corporate,United States,Chicago
E02706,Sales,Specialty Products,China,Beijing
E02707,IT,Manufacturing,United States,Columbus
E02708,Engineering,Manufacturing,United States,Miami
E02709,Marketing,Corporate,United States,Phoenix
E02710,IT,Manufacturing,United States,Chicago
E02711,Sales,Manufacturing,United States,Seattle
E02712,Human Resources,Research & Development,China,Beijing
E02713,Human Resources,Specialty Products,United States,Austin
E02714,Engineering,Corporate,United States,Austin
E02715,Engineering,Research & Development,United States,Miami
E02716,Sales,Corporate,United States,Miami
E02717,Marketing,Research & Development,United States,Austin
E02718,IT,Manufacturing,China,Beijing
E02719,Accounting,Research & Development,Brazil,Rio de Janeiro
E02720,Accounting,Research & Development,United States,Seattle
E02721,Finance,Specialty Products,Brazil,Rio de Janeiro
E02722,Human Resources,Specialty Products,United States,Seattle
E02723,IT,Specialty Products,Brazil,Rio de Janeiro
E02724,Engineering,Corporate,United States,Miami
E02725,IT,Manufacturing,United States,Phoenix
E02726,IT,Research & Development,China,Shanghai
E02727,Accounting,Research & Development,Brazil,Sao Paulo
E02728,Human Resources,Corporate,United States,Miami
E02729,Human Resources,Corporate,United States,Columbus
E02730,IT,Manufacturing,China,Shanghai
E02731,Sales,Manufacturing,United States,Austin
E02732,Finance,Corporate,China,Shanghai
E02733,Accounting,Specialty Products,Brazil,Sao Paulo
E02734,Engineering,Manufacturing,United States,Chicago
E02735,IT,Corporate,United States,Austin
E02736,Finance,Research & Development,China,Chengdu
E02737,Engineering,Research & Development,China,Chongqing
E02738,Finance,Corporate,China,Shanghai
E02739,Engineering,Corporate,China,Beijing
E02740,IT,Corporate,China,Chongqing
E02741,IT,Specialty Products,China,Chongqing
E02742,Sales,Manufacturing,United States,Chicago
E02743,Marketing,Specialty Products,Brazil,Rio de Janeiro
E02744,Sales,Corporate,United States,Phoenix
E02745,Engineering,Manufacturing,United States,Phoenix
E02746,Engineering,Manufacturing,China,Chongqing
E02747,Accounting,Research & Development,China,Chengdu
E02748,IT,Specialty Products,United States,Seattle
E02749,IT,Manufacturing,Brazil,Sao Paulo
E02750,Engineering,Manufacturing,United States,Columbus
E02751,IT,Specialty Products,United States,Miami
E02752,Human Resources,Specialty Products,United States,Miami
E02753,Finance,Specialty Products,China,Chongqing
E02754,IT,Corporate,United States,Seattle
E02755,IT,Manufacturing,United States,Seattle
E02756,Accounting,Specialty Products,Brazil,Rio de Janeiro
E02757,IT,Specialty Products,United States,Seattle
E02758,Finance,Specialty Products,China,Chengdu
E02759,Marketing,Corporate,United States,Phoenix
E02760,Human Resources,Corporate,United States,Chicago
E02761,Accounting,Research & Development,United States,Chicago
E02762,Marketing,Research & Development,Brazil,Rio de Janeiro
E02763,Engineering,Corporate,United States,Chicago
E02764,Marketing,Manufacturing,United States,Phoenix
E02765,IT,Manufacturing,Brazil,Rio de Janeiro
E02766,Marketing,Specialty Products,Brazil,Rio de Janeiro
E02767,IT,Specialty Products,Brazil,Manaus
E02768,Engineering,Specialty Products,United States,Miami
E02769,Engineering,Research & Development,China,Shanghai
E02770,IT,Research & Development,United States,Miami
E02771,Accounting,Corporate,United States,Columbus
E02772,Sales,Corporate,Brazil,Manaus
E02773,Engineering,Manufacturing,China,Shanghai
E02774,IT,Manufacturing,United States,Austin
E02775,Accounting,Specialty Products,Brazil,Rio de Janeiro
E02776,Finance,Specialty Products,United States,Phoenix
E02777,Sales,Specialty Products,United States,Miami
E02778,Accounting,Corporate,United States,Austin
E02779,Sales,Research & Development,United States,Columbus
E02780,Accounting,Specialty Products,United States,Seattle
E02781,Accounting,Manufacturing,Brazil,Rio de Janeiro
E02782,Engineering,Manufacturing,United States,Miami
E02783,Engineering,Corporate,China,Beijing
E02784,IT,Research & Development,United States,Austin
E02785,Sales,Research & Development,United States,Austin
E02786,Marketing,Manufacturing,China,Chengdu
E02787,IT,,United States,Chicago
E02788,,Corporate,United States,Austin
E02789,Accounting,,United States,Miami
E02790,IT,,United States,Miami
E02791,Accounting,,United States,Austin
E02792,,,United States,Columbus
E02793,,,China,Chongqing
E02794,Sales,,United States,Chicago
E02795,Accounting,,United States,Chicago
E02796,,,United States,Seattle
E02797,Accounting,,China,Beijing
E02798,Accounting,,United States,Seattle
E02799,Sales,,United States,Columbus
E02800,,,,Phoenix
E02801,Sales,,,Miami
E02802,Accounting,,,Chongqing
E02803,Marketing,,,
E02804,Engineering,,,Austin
E02805,Finance,Manufacturing,,Columbus
E02806,Accounting,,,Columbus
E02807,Finance,,,Chicago
E02808,Human Resources,,,Rio de Janeiro
E02809,,Manufacturing,United States,
E02810,Marketing,,,Seattle
E02811,IT,,,Columbus
E02812,Accounting,,,Chicago
E02813,,Specialty Products,,Chicago
E02814,,Manufacturing,,Miami
E02815,Human Resources,Corporate,,Phoenix
E02816,Human Resources,Specialty Products,,Seattle
E02817,Engineering,Specialty Products,United States,
E02818,Sales,Research & Development,Brazil,Manaus
E02819,Marketing,Corporate,United States,Miami
E02820,Human Resources,Research & Development,United States,Phoenix
E02821,Human Resources,Research & Development,United States,Miami
,Engineering,Corporate,United States,Austin
E02823,Finance,Specialty Products,China,Beijing
E02824,,Research & Development,United States,Columbus
E02825,Sales,,United States,Miami
E02826,,Corporate,China,Shanghai
E02827,Finance,Specialty Products,United States,Phoenix
E02828,Finance,Manufacturing,China,Chengdu
E02829,Human Resources,Corporate,United States,Phoenix
E02830,Sales,Specialty Products,China,Shanghai
,Accounting,Specialty Products,United States,Austin
E02832,IT,Research & Development,United States,Seattle
E02833,,Corporate,China,Beijing
E02834,Human Resources,,China,Chongqing
E02835,,Corporate,United States,Austin
E02836,Sales,Corporate,Brazil,Rio de Janeiro
E02837,IT,Specialty Products,China,Chongqing
E02838,Marketing,,United States,Austin
E02839,,Manufacturing,China,Chengdu
E02840,Finance,Corporate,China,Shanghai
E02841,Engineering,Specialty Products,Brazil,Rio de Janeiro
,,Research & Development,China,Shanghai
E02843,Finance,Manufacturing,China,Beijing
E02844,,Corporate,United States,Chicago
E02845,IT,,United States,Austin
E02846,Human Resources,,United States,Austin
E02847,IT,Research & Development,United States,Phoenix
E02848,IT,Manufacturing,United States,Seattle
E02849,Engineering,Corporate,United States,Columbus
E02850,IT,Manufacturing,China,Beijing
E02851,IT,Specialty Products,United States,Seattle
E02852,Engineering,Corporate,United States,Phoenix
E02853,Marketing,Research & Development,United States,Seattle
E02854,IT,Corporate,Brazil,Manaus
E02855,Accounting,Manufacturing,United States,Austin
E02856,Accounting,Research & Development,United States,Miami
E02857,Engineering,Research & Development,United States,Miami
E02858,Human Resources,Corporate,Brazil,Rio de Janeiro
E02859,Marketing,Corporate,United States,Columbus
E02860,IT,,China,Beijing
E02861,,,Brazil,Manaus
E02862,Finance,,United States,Miami
E02863,,,,Chongqing
E02864,Engineering,Corporate,United States,Chicago
E02865,IT,Corporate,Brazil,Rio de Janeiro
E02866,Human Resources,,China,Beijing
E02867,Human Resources,,,Chicago
E02868,IT,,,Chengdu
E02869,Accounting,,United States,
E02870,Sales,,,Miami
E02871,Engineering,,,Phoenix
E02872,IT,Manufacturing,,Chicago
E02873,Sales,Specialty Products,,Shanghai
E02874,IT,Specialty Products,,Chengdu
E02875,Engineering,Corporate,,Phoenix
E02876,Human Resources,,United States,Chicago
E02877,Marketing,,United States,Phoenix
E02878,,Manufacturing,,Seattle
E02879,IT,Specialty Products,China,Shanghai
E02880,Engineering,Research & Development,China,Chengdu
E02881,,,United States,Austin
E02882,Sales,,United States,Phoenix
E02883,Sales,Specialty Products,,Chongqing
E02884,Accounting,Corporate,,Columbus
E02885,Marketing,Specialty Products,United States,Columbus
E02886,Accounting,Manufacturing,China,Beijing
E02887,Sales,Specialty Products,,Sao Paulo
E02888,Human Resources,Specialty Products,,Austin
E02889,Accounting,Manufacturing,United States,Austin
E02890,IT,Corporate,United States,Miami
E02891,IT,Research & Development,United States,Miami
E02892,Human Resources,Corporate,Brazil,Rio de Janeiro
E02893,IT,Research & Development,Brazil,Sao Paulo
E02894,Accounting,Manufacturing,China,Chengdu
E02895,IT,Manufacturing,United States,Chicago
E02896,Accounting,Corporate,China,Beijing
E02897,Human Resources,Manufacturing,United States,Columbus
E02898,Marketing,Specialty Products,United States,Seattle
E02899,IT,Corporate,Brazil,Rio de Janeiro
E02900,Finance,Research & Development,United States,Seattle
E02901,Engineering,Manufacturing,China,Chongqing
E02902,IT,Research & Development,United States,Phoenix
E02903,Human Resources,Research & Development,Brazil,Manaus
E02904,Finance,Corporate,China,Chengdu
E02905,Accounting,Manufacturing,United States,Miami
E02906,Marketing,Specialty Products,China,Chongqing
E02907,Marketing,Corporate,United States,Chicago
E02908,IT,Corporate,United States,Seattle
E02909,Sales,Manufacturing,United States,Miami
E02910,Sales,Research & Development,United States,Phoenix
E02911,Finance,Corporate,United States,Seattle
E02912,Finance,Corporate,,Miami
E02913,Human Resources,Research & Development,,Austin
E02914,Human Resources,Specialty Products,,Miami
E02915,IT,Research & Development,,Chicago
E02916,Accounting,Corporate,,Manaus
E02917,Finance,Corporate,,Austin
E02918,IT,Corporate,,Miami
E02919,Sales,,,Chongqing
E02920,Marketing,,United States,Miami
E02921,IT,,China,Chengdu
E02922,Marketing,,Brazil,Sao Paulo
E02923,Sales,,United States,Seattle
E02924,IT,,United States,Austin
E02925,IT,,United States,Austin
E02926,Marketing,,Brazil,Manaus
E02927,Finance,Corporate,,Chengdu
E02928,Accounting,Manufacturing,,Austin
E02929,Marketing,Research & Development,,Seattle
E02930,Marketing,Corporate,,Austin
E02931,Marketing,Research & Development,China,Shanghai
E02932,IT,Research & Development,United States,Phoenix
E02933,IT,Manufacturing,United States,Miami
E02934,,Specialty Products,United States,Phoenix
E02935,,Specialty Products,United States,Chicago
E02936,,Corporate,United States,Phoenix
E02937,,Specialty Products,United States,Miami
E02938,,Specialty Products,United States,Chicago
E02939,,,United States,Austin
E02940,,,United States,Miami
E02941,,,United States,Austin
E02942,Engineering,Research & Development,United States,Miami
,Finance,Research & Development,Brazil,Manaus
,Accounting,Specialty Products,China,Beijing
,Engineering,Specialty Products,United States,Phoenix
,Human Resources,Research & Development,United States,Austin
E02947,IT,Corporate,United States,Chicago
E02948,Engineering,Research & Development,United States,Phoenix
E02949,Human Resources,Specialty Products,United States,Phoenix
E02950,Engineering,Corporate,Brazil,Rio de Janeiro
E02951,Engineering,Corporate,China,Shanghai
E02952,Engineering,Research & Development,China,Shanghai
E02953,Sales,Specialty Products,Brazil,Sao Paulo
E02954,Engineering,Specialty Products,United States,Miami
E02955,Sales,Research & Development,United States,Chicago
E02956,IT,Research & Development,China,Chongqing
E02957,Accounting,Research & Development,United States,Austin
E02958,Engineering,Specialty Products,Brazil,Sao Paulo
E02959,Marketing,Specialty Products,China,Chengdu
,Sales,Manufacturing,Brazil,Manaus
,Engineering,Corporate,United States,Miami
E02962,Marketing,Research & Development,United States,Columbus
E02963,,,United States,Austin
E02964,,,China,Beijing
E02965,,,United States,Phoenix
E02966,,,Brazil,Sao Paulo
E02967,,,China,Chongqing
E02968,Marketing,Specialty Products,Brazil,Rio de Janeiro
E02969,IT,Research & Development,China,Chongqing
E02970,Sales,,,Sao Paulo
E02971,,,,Columbus
E02972,Engineering,,United States,Seattle
E02973,Engineering,Manufacturing,United States,Chicago
E02974,IT,Manufacturing,United States,Columbus
E02975,,Research & Development,United States,Columbus
,,Manufacturing,United States,Columbus
,IT,Specialty Products,United States,Columbus
,Marketing,,United States,Miami
E02979,,Research & Development,,Phoenix
E02980,,Research & Development,China,Beijing
,Accounting,Research & Development,,Shanghai
,IT,Specialty Products,United States,Miami
,Human Resources,Specialty Products,United States,Miami
E02984,Sales,Manufacturing,United States,Miami
,,Specialty Products,United States,Austin
,Sales,,,Seattle
E02987,IT,Specialty Products,,Chongqing
E02988,Finance,,,Manaus
E02989,,,,Phoenix
E02990,,Manufacturing,,Chicago
E02991,Engineering,Manufacturing,Brazil,
E02992,Sales,Corporate,,Phoenix
E02993,Sales,Research & Development,,Columbus
E02994,Marketing,Specialty Products,United States,
E02995,Finance,Specialty Products,United States,
E02996,Engineering,Specialty Products,United States,
E02997,IT,Specialty Products,,Rio de Janeiro
E02998,Finance,Corporate,,
E02999,Sales,Research & Development,United States,
E03000,Engineering,Manufacturing,United States,
E03001,Sales,Corporate,,Seattle
E02002,Engineering,Manufacturing,,Columbus
E02003,Sales,Corporate,,Chicago
E02004,IT,Research & Development,China,Shanghai
E02005,IT,Corporate,United States,Seattle
E02006,Engineering,Corporate,United States,Austin
E02007,IT,Manufacturing,United States,Phoenix
E02008,,,China,Chongqing
E02009,Finance,Corporate,China,Chengdu
E02010,IT,Manufacturing,United States,Seattle
E02011,Finance,Specialty Products,United States,Miami
E02012,IT,Manufacturing,United States,Miami
E02013,Finance,Specialty Products,United States,Phoenix
E02014,IT,Manufacturing,China,Chongqing
E02957,Accounting,Research & Development,United States,Austin
E02958,Engineering,Specialty Products,Brazil,Sao Paulo
E02959,Marketing,Specialty Products,China,Chengdu
E02960,Sales,Manufacturing,Brazil,Manaus
E02961,Engineering,Corporate,United States,Miami
E02962,Marketing,Research & Development,United States,Columbus
E02963,Marketing,Specialty Products,United States,Austin
,IT,Research & Development,United States,Chicago
E02916,Accounting,Corporate,Brazil,Manaus
E02917,Finance,Corporate,United States,Austin
,IT,Corporate,United States,Miami
E02919,Sales,Research & Development,China,Chongqing
E02920,Marketing,Specialty Products,United States,Miami
E02921,IT,Specialty Products,China,Chengdu
E02922,Marketing,Manufacturing,Brazil,Sao Paulo
E02929,Marketing,Research & Development,United States,Seattle
E02930,Marketing,Corporate,United States,Austin
E02931,Marketing,Research & Development,China,Shanghai
E02932,IT,,United States,Phoenix
E02933,IT,Manufacturing,United States,Miami
E02934,IT,Specialty Products,United States,Phoenix
E02935,,Specialty Products,United States,Chicago
E02936,,,,Phoenix
E02937,Engineering,,,Miami
E02938,Accounting,,,Chicago
E02877,Marketing,Manufacturing,,Phoenix
E02878,Marketing,Manufacturing,United States,Seattle
E02879,IT,Specialty Products,China,Shanghai
E02880,Engineering,Research & Development,China,Chengdu
E02881,Engineering,Corporate,United States,Austin
E02882,Sales,Research & Development,United States,Phoenix
E02252,IT,Specialty Products,Brazil,Sao Paulo
E02253,IT,Corporate,United States,Seattle
E02254,Sales,Corporate,United States,Columbus
E02255,Engineering,Research & Development,China,Chongqing
E02256,Sales,Specialty Products,United States,Austin
E02257,IT,Manufacturing,United States,Miami
E02258,Engineering,Specialty Products,United States,Chicago
E02259,IT,Manufacturing,United States,Chicago
E02260,Sales,Manufacturing,China,Chengdu
E02261,Marketing,Corporate,Brazil,Manaus
E02262,Accounting,Corporate,United States,Columbus
E02263,Marketing,Research & Development,China,Beijing
E02264,Marketing,Specialty Products,China,Beijing
E02265,IT,Research & Development,Brazil,Sao Paulo
E02189,Finance,Corporate,China,Chongqing
E02190,Finance,Corporate,China,Chengdu
E02191,Sales,Corporate,China,Chongqing
E02192,IT,Research & Development,China,Chongqing
E02193,Finance,Specialty Products,United States,Chicago
E02194,IT,Specialty Products,United States,Seattle
E02195,Marketing,Research & Development,China,Chengdu
E02196,Sales,Manufacturing,United States,Miami
E02197,IT,Research & Development,United States,Columbus
E02567,Sales,Manufacturing,United States,Miami
E02568,IT,Corporate,United States,Miami
E02569,Human Resources,Corporate,United States,Miami
E02570,Sales,Specialty Products,Brazil,Manaus
E02571,Marketing,Corporate,United States,Columbus
E02572,IT,Specialty Products,United States,Austin
E02573,Finance,Specialty Products,United States,Columbus
E02574,Human Resources,Research & Development,China,Chongqing
E02575,Accounting,Manufacturing,Brazil,Rio de Janeiro
E02576,Human Resources,Research & Development,Brazil,Sao Paulo
E02491,Sales,Research & Development,Brazil,Rio de Janeiro
E02492,IT,Specialty Products,United States,Seattle
E02493,Sales,Research & Development,China,Shanghai
E02494,Finance,Specialty Products,Brazil,Rio de Janeiro
E02495,IT,Research & Development,United States,Chicago
E02496,IT,Corporate,United States,Miami
E02497,Sales,Specialty Products,China,Beijing
E02498,Sales,Corporate,China,Shanghai
E02499,Marketing,Corporate,China,Chengdu
E02500,IT,Manufacturing,United States,Seattle
E02501,Sales,Corporate,United States,Seattle
E02502,IT,Manufacturing,United States,Miami
E02503,Finance,Manufacturing,United States,Austin
E02504,Engineering,Corporate,China,Shanghai
E02505,Marketing,Research & Development,Brazil,Manaus
E02348,IT,,United States,Miami
E02349,Finance,,United States,Miami
E02350,IT,,China,Shanghai
E02351,Marketing,,United States,Seattle
E02352,Marketing,,China,Chongqing
E02353,Finance,Manufacturing,United States,Austin
E02354,Engineering,,United States,Chicago
E02355,Accounting,,United States,Seattle
E02356,Human Resources,Corporate,United States,Phoenix
E02357,Human Resources,Manufacturing,United States,Austin
E02358,Human Resources,Manufacturing,China,Shanghai
E02359,Sales,Specialty Products,United States,Columbus
E02202,Accounting,Corporate,United States,Austin
E02203,IT,Manufacturing,United States,Columbus
E02204,IT,Research & Development,United States,Phoenix
E02205,Finance,Specialty Products,United States,Miami
E02206,Finance,Corporate,United States,Chicago
E02207,Human Resources,Specialty Products,United States,Phoenix
E02208,Marketing,Research & Development,United States,Phoenix
E02209,Finance,,United States,Miami
E02210,Human Resources,Specialty Products,United States,Chicago
E02211,IT,Specialty Products,United States,Seattle
E02212,IT,Manufacturing,China,Chongqing
E02213,Sales,Corporate,Brazil,Manaus
E02214,Sales,Specialty Products,United States,Seattle
E02215,IT,Research & Development,China,Chongqing
E02216,Finance,Corporate,Brazil,Manaus
E02217,Sales,Manufacturing,Brazil,Sao Paulo
E02499,Marketing,Corporate,China,Chengdu
E02500,IT,Manufacturing,United States,Seattle
E02501,Sales,Corporate,United States,Seattle
E02502,,Manufacturing,United States,Miami
E02503,,Manufacturing,United States,Austin
E02504,,Corporate,China,Shanghai
E02505,,Research & Development,Brazil,Manaus
E02256,Sales,Specialty Products,United States,Austin
E02257,IT,,United States,Miami
E02258,Engineering,,United States,Chicago
E02259,IT,,United States,Chicago
E02260,Sales,,China,Chengdu
E02863,IT,Research & Development,,
E02864,Engineering,Corporate,,
E02865,IT,Corporate,,
E02866,Human Resources,Specialty Products,China,Chengdu
E02867,Human Resources,Corporate,United States,Seattle
E02749,IT,Manufacturing,Brazil,Sao Paulo
E02750,Engineering,Manufacturing,United States,Columbus
E02751,IT,Specialty Products,United States,Miami
E02480,IT,Specialty Products,United States,Chicago
E02481,Sales,Research & Development,China,Beijing
E02482,Accounting,Research & Development,United States,Columbus
E02483,Finance,Manufacturing,Brazil,Sao Paulo
E02484,Human Resources,Research & Development,United States,Phoenix
E02485,Engineering,Research & Development,United States,Chicago
E02486,Finance,Manufacturing,China,Shanghai
E02487,Accounting,Corporate,United States,Austin
E02488,Finance,Corporate,United States,Austin
E02489,IT,Specialty Products,China,Shanghai
E02490,Human Resources,Manufacturing,United States,Austin
E02491,Sales,Research & Development,Brazil,Rio de Janeiro
E02492,IT,Specialty Products,United States,Seattle
E02493,Sales,Research & Development,China,Shanghai
E02494,Finance,Specialty Products,Brazil,Rio de Janeiro
E02495,IT,Research & Development,United States,Chicago
E02496,IT,Corporate,United States,Miami
E02274,Engineering,Corporate,,
E02275,Sales,Corporate,,
E02276,Accounting,Manufacturing,,
E02277,Finance,Manufacturing,,
E02278,Human Resources,Corporate,,
E02279,Human Resources,Corporate,,
E02280,Accounting,Specialty Products,,
E02281,Marketing,Corporate,,
E02282,Human Resources,Specialty Products,,
E02283,Marketing,Specialty Products,,
E02284,Human Resources,Specialty Products,,
E02285,IT,Corporate,,
E02286,Sales,Research & Development,,
E02287,Sales,Research & Development,,
E02288,IT,Corporate,,
E02289,Engineering,Manufacturing,,
E02002,Engineering,Manufacturing,,
E02003,Sales,Corporate,,
E02004,IT,Research & Development,,
E02005,IT,Corporate,,
E02006,Engineering,Corporate,,
E02007,IT,Manufacturing,,
E02008,Accounting,Specialty Products,,
E02009,Finance,Corporate,,
E02010,IT,Manufacturing,,
E02011,Finance,Specialty Products,,
E02012,IT,Manufacturing,,
E02013,Finance,Specialty Products,,
E02014,IT,Manufacturing,,
E02015,Marketing,Corporate,,
E02016,Marketing,Corporate,,
E02017,IT,Corporate,,
E02018,Engineering,Specialty Products,,
E02019,Sales,Specialty Products,,
E02020,IT,Specialty Products,,
E02021,Accounting,Specialty Products,,
E02022,Accounting,Specialty Products,,
E02023,IT,Research & Development,,
E02024,Sales,Manufacturing,,
E02025,Accounting,Specialty Products,,
E02026,Sales,Specialty Products,,
E02866,Human Resources,Specialty Products,China,Chengdu
E02867,Human Resources,Corporate,United States,Seattle
E02749,IT,Manufacturing,Brazil,Sao Paulo
E02750,Engineering,Manufacturing,United States,Columbus
E02751,IT,Specialty Products,United States,Miami
E02480,IT,Specialty Products,United States,Chicago
E02481,Sales,Research & Development,China,Beijing
E02482,Accounting,Research & Development,United States,Columbus
E02483,Finance,Manufacturing,Brazil,Sao Paulo
E02484,Human Resources,Research & Development,United States,Phoenix
E02485,Engineering,Research & Development,United States,Chicago
E02486,Finance,Manufacturing,China,Shanghai
E02487,Accounting,Corporate,United States,Austin
E02488,Finance,Corporate,United States,Austin
E02489,IT,Specialty Products,China,Shanghai
E02490,Human Resources,Manufacturing,United States,Austin
E02491,Sales,Research & Development,Brazil,Rio de Janeiro
E02492,IT,Specialty Products,United States,Seattle
E02493,Sales,Research & Development,China,Shanghai
E02494,Finance,Specialty Products,Brazil,Rio de Janeiro
E02495,IT,Research & Development,United States,Chicago
E02013,Finance,Specialty Products,United States,Phoenix
E02014,IT,Manufacturing,China,Chongqing
E02015,Marketing,Corporate,United States,Miami
E02016,Marketing,Corporate,United States,Phoenix
E02017,IT,Corporate,United States,Miami
E02018,Engineering,Specialty Products,China,Chengdu
E02019,Sales,Specialty Products,China,Chongqing
E02020,IT,Specialty Products,United States,Seattle
E02021,Accounting,Specialty Products,United States,Austin
E02022,Accounting,Specialty Products,United States,Chicago
E02023,IT,Research & Development,United States,Phoenix
E02024,Sales,Manufacturing,China,Shanghai
E02025,Accounting,Specialty Products,China,Chongqing
E02026,Sales,Specialty Products,United States,Miami
E02027,Accounting,Manufacturing,China,Beijing
E02028,Marketing,Specialty Products,United States,Seattle
E02029,Marketing,Manufacturing,United States,Seattle
E02030,Marketing,Corporate,United States,Chicago
E02031,IT,Specialty Products,China,Shanghai
E02032,Finance,Research & Development,United States,Phoenix
E02033,Sales,Corporate,China,Chengdu
E02233,Finance,Corporate,China,Beijing
E02234,Marketing,Manufacturing,United States,Austin
E02235,IT,Manufacturing,United States,Seattle
E02236,IT,Research & Development,Brazil,Manaus
E02237,Engineering,Specialty Products,United States,Miami
E02238,IT,Corporate,Brazil,Manaus
E02239,Sales,Manufacturing,China,Chongqing
E02240,IT,Specialty Products,United States,Seattle
E02241,IT,Corporate,United States,Chicago
E02242,Marketing,Corporate,United States,Miami
E02243,IT,Manufacturing,United States,Chicago
E02244,IT,Specialty Products,United States,Austin
E02245,Sales,Specialty Products,United States,Miami
E02246,IT,Research & Development,United States,Columbus
E02247,Accounting,Manufacturing,United States,Phoenix
E02248,IT,Manufacturing,United States,Miami
E02249,Engineering,Manufacturing,China,Beijing
E02250,Sales,Manufacturing,United States,Miami
E02251,IT,Research & Development,Brazil,Manaus
E02252,IT,Specialty Products,Brazil,Sao Paulo
E02253,IT,Corporate,United States,Seattle
E02254,Sales,Corporate,United States,Columbus
